,start,width,height,height_increase,color,intensity
0,0,66,-10,-1,grey,
1,0,66,-11,-1,grey,
2,0,66,-12,-1,grey,
3,0,66,-13,-1,grey,
4,0,66,-14,-1,grey,
5,0,66,-15,-1,grey,
6,0,66,-16,-1,grey,
7,0,66,-17,-1,grey,
8,0,66,-18,-1,grey,
9,0,66,-19,-1,grey,
10,0,66,-20,-1,grey,
11,0,66,-21,-1,grey,
12,0,66,-22,-1,grey,
13,0,66,-23,-1,grey,
14,0,66,-24,-1,grey,
15,0,66,-25,-1,grey,
16,0,66,-26,-1,grey,
17,0,66,-27,-1,grey,
18,0,66,-28,-1,grey,
19,0,66,-29,-1,grey,
20,0,66,-30,-1,grey,
21,0,66,-31,-1,grey,
22,0,66,-32,-1,grey,
23,34,12,-33,-1,,2.0
24,6,5,-33,-1,,2.0
25,47,6,-33,-1,,1.0
26,35,6,-33,-1,,2.0
27,35,13,-33,-1,,2.0
28,58,6,-33,-1,,2.0
29,30,15,-33,-1,,2.0
30,41,5,-33,-1,,1.0
31,52,2,-33,-1,,1.0
32,26,2,-33,-1,grey,
33,2,3,-33,-1,,1.0
34,25,1,-33,-1,,2.0
35,48,6,-33,-1,,2.0
36,22,4,-33,-1,,1.0
37,2,7,-33,-1,,1.0
38,65,1,-33,-1,,1.0
39,0,1,-34,-1,,1.0
40,61,3,-34,-1,,1.0
41,64,1,-34,-1,,2.0
42,1,1,-34,-1,,1.0
43,6,4,-34,-1,,1.0
44,22,1,-34,-1,,1.0
45,37,2,-34,-1,,1.0
46,57,1,-34,-1,,1.0
47,12,2,-34,-1,,1.0
48,38,4,-34,-1,,1.0
49,8,1,-34,-1,,1.0
50,43,2,-34,-1,,1.0
51,17,5,-34,-1,,1.0
52,4,1,-34,-1,,1.0
53,55,6,-34,-1,,1.0
54,57,9,-34,-1,,1.0
55,0,4,-35,-1,,1.0
56,48,8,-35,-1,grey,
57,42,3,-35,-1,,1.0
58,23,2,-35,-1,,1.0
59,7,1,-35,-1,,1.0
60,58,3,-35,-1,,2.0
61,51,3,-35,-1,,2.0
62,50,1,-35,-1,,2.0
63,49,4,-35,-1,,1.0
64,4,4,-35,-1,,1.0
65,50,16,-35,-1,,1.0
66,0,10,-36,-1,,1.0
67,38,8,-36,-1,,1.0
68,24,11,-36,-1,,1.0
69,35,3,-36,-1,,1.0
70,44,1,-36,-1,,1.0
71,53,8,-36,-1,,1.0
72,19,2,-36,-1,,2.0
73,49,1,-36,-1,,2.0
74,14,1,-36,-1,,1.0
75,47,2,-36,-1,,1.0
76,19,3,-36,-1,,2.0
77,64,2,-36,-1,,2.0
78,0,1,-37,-1,,2.0
79,49,2,-37,-1,,1.0
80,11,9,-37,-1,grey,
81,55,3,-37,-1,,1.0
82,2,1,-37,-1,,1.0
83,15,3,-37,-1,,1.0
84,36,1,-37,-1,,1.0
85,57,3,-37,-1,,1.0
86,20,4,-37,-1,,1.0
87,58,3,-37,-1,,1.0
88,35,6,-37,-1,,1.0
89,27,3,-37,-1,,1.0
90,22,2,-37,-1,,2.0
91,20,1,-37,-1,,2.0
92,19,2,-37,-1,,1.0
93,22,8,-37,-1,,1.0
94,48,7,-37,-1,,2.0
95,21,1,-37,-1,,1.0
96,56,2,-37,-1,,1.0
97,30,6,-37,-1,,1.0
98,20,7,-37,-1,,1.0
99,25,3,-37,-1,,1.0
100,32,1,-37,-1,,1.0
101,39,1,-37,-1,,1.0
102,48,3,-37,-1,,2.0
103,65,1,-37,-1,,1.0
104,0,3,-38,-1,,1.0
105,25,1,-38,-1,,1.0
106,50,3,-38,-1,,2.0
107,17,1,-38,-1,,2.0
108,50,5,-38,-1,,1.0
109,31,14,-38,-1,,1.0
110,47,19,-38,-1,,1.0
111,0,8,-39,-1,,1.0
112,0,28,-39,-1,,1.0
113,10,1,-39,-1,,1.0
114,61,5,-39,-1,,1.0
115,0,4,-40,-1,,1.0
116,5,7,-40,-1,,1.0
117,28,14,-40,-1,,1.0
118,42,24,-40,-1,grey,
119,0,42,-41,-1,grey,
120,0,11,-51,-1,,2.0
121,33,2,-51,-1,,2.0
122,61,2,-51,-1,,2.0
123,27,2,-51,-1,,2.0
124,63,3,-51,-1,,2.0
125,0,1,-52,-1,,2.0
126,43,3,-52,-1,,1.0
127,28,1,-52,-1,,2.0
128,13,1,-52,-1,,2.0
129,0,3,-52,-1,,2.0
130,61,3,-52,-1,,2.0
131,62,1,-52,-1,,2.0
132,63,3,-52,-1,,2.0
133,0,1,-53,-1,,2.0
134,9,4,-53,-1,,1.0
135,29,4,-53,-1,,1.0
136,57,2,-53,-1,,1.0
137,21,1,-53,-1,,2.0
138,52,4,-53,-1,,2.0
139,28,4,-53,-1,,1.0
140,22,1,-53,-1,grey,
141,14,5,-53,-1,,1.0
142,11,2,-53,-1,,2.0
143,9,3,-53,-1,,3.0
144,13,21,-53,-1,,3.0
145,12,4,-53,-1,,2.0
146,2,14,-53,-1,,2.0
147,30,2,-53,-1,,1.0
148,8,3,-53,-1,grey,
149,56,3,-53,-1,,1.0
150,23,2,-53,-1,,2.0
151,59,3,-53,-1,,3.0
152,36,1,-53,-1,,2.0
153,13,3,-53,-1,,3.0
154,64,2,-53,-1,,3.0
155,0,8,-54,-1,,3.0
156,9,2,-54,-1,,1.0
157,17,3,-54,-1,,1.0
158,32,1,-54,-1,,2.0
159,47,1,-54,-1,,2.0
160,64,1,-54,-1,,1.0
161,17,1,-54,-1,,3.0
162,38,1,-54,-1,,2.0
163,61,1,-54,-1,,3.0
164,20,1,-54,-1,,3.0
165,47,6,-54,-1,,2.0
166,25,8,-54,-1,,2.0
167,21,3,-54,-1,,1.0
168,54,4,-54,-1,grey,
169,26,5,-54,-1,,2.0
170,43,4,-54,-1,,2.0
171,24,3,-54,-1,grey,
172,7,3,-54,-1,,1.0
173,42,2,-54,-1,,1.0
174,14,3,-54,-1,,1.0
175,5,1,-54,-1,grey,
176,61,2,-54,-1,,1.0
177,45,1,-54,-1,,2.0
178,30,1,-54,-1,,2.0
179,17,31,-54,-1,,2.0
180,6,1,-54,-1,,1.0
181,57,1,-54,-1,,2.0
182,44,22,-54,-1,,2.0
183,0,9,-55,-1,,2.0
184,57,6,-55,-1,,2.0
185,57,1,-55,-1,,3.0
186,56,1,-55,-1,grey,
187,56,1,-55,-1,,1.0
188,57,1,-55,-1,,2.0
189,60,1,-55,-1,,2.0
190,65,1,-55,-1,,2.0
191,0,2,-56,-1,,2.0
192,12,1,-56,-1,,2.0
193,25,2,-56,-1,,2.0
194,35,4,-56,-1,grey,
195,51,9,-56,-1,,1.0
196,36,3,-56,-1,,2.0
197,21,6,-56,-1,,2.0
198,21,8,-56,-1,,3.0
199,39,3,-56,-1,,3.0
200,58,1,-56,-1,,1.0
201,11,2,-56,-1,,2.0
202,57,9,-56,-1,grey,
203,0,3,-57,-1,grey,
204,59,7,-57,-1,,3.0
205,60,3,-58,-1,,3.0
206,63,3,-58,-1,,3.0
207,0,13,-59,-1,,3.0
208,45,8,-59,-1,,2.0
209,35,5,-59,-1,,2.0
210,3,8,-59,-1,grey,
211,48,4,-59,-1,,1.0
212,2,1,-59,-1,,2.0
213,21,6,-59,-1,,3.0
214,57,1,-59,-1,,1.0
215,24,2,-59,-1,,2.0
216,62,3,-59,-1,,2.0
217,53,6,-59,-1,grey,
218,53,3,-59,-1,,1.0
219,50,1,-59,-1,,1.0
220,47,4,-59,-1,,3.0
221,53,1,-59,-1,,3.0
222,60,3,-59,-1,,2.0
223,3,13,-59,-1,grey,
224,35,3,-59,-1,,1.0
225,16,50,-59,-1,,1.0
226,0,11,-60,-1,,1.0
227,28,4,-60,-1,,1.0
228,8,58,-60,-1,,1.0
229,0,66,-61,-1,,1.0
230,0,66,-62,-1,,1.0
231,0,66,-63,-1,,1.0
232,0,66,-64,-1,,1.0
233,0,66,-65,-1,,1.0
234,0,66,-66,-1,,1.0
235,0,66,-67,-1,,1.0
236,0,66,-68,-1,,1.0
237,0,66,-69,-1,,1.0
238,0,66,-70,-1,,1.0
239,0,66,-71,-1,,1.0
240,0,66,-72,-1,,1.0
241,0,66,-73,-1,,1.0
242,0,66,-74,-1,,1.0
243,0,66,-75,-1,,1.0
244,0,18,-76,-1,,1.0
245,18,48,-76,-1,grey,
246,0,18,-77,-1,grey,
247,18,48,-77,-1,grey,
248,0,18,-78,-1,grey,
249,18,48,-78,-1,grey,
250,0,18,-79,-1,grey,
251,18,48,-79,-1,grey,
252,0,18,-80,-1,grey,
253,18,48,-80,-1,grey,
254,0,18,-81,-1,grey,
255,18,48,-81,-1,grey,
256,0,18,-82,-1,grey,
257,18,48,-82,-1,grey,
258,0,18,-83,-1,grey,
259,18,48,-83,-1,grey,
260,0,18,-84,-1,grey,
261,18,48,-84,-1,grey,
262,0,18,-85,-1,grey,
263,18,48,-85,-1,grey,
264,0,18,-86,-1,grey,
265,18,48,-86,-1,grey,
266,0,18,-87,-1,grey,
267,18,48,-87,-1,grey,
268,0,18,-88,-1,grey,
269,18,48,-88,-1,grey,
270,0,18,-89,-1,grey,
271,18,48,-89,-1,grey,
272,0,18,-90,-1,grey,
273,18,48,-90,-1,grey,
274,0,18,-91,-1,grey,
275,49,5,-91,-1,,1.0
276,60,3,-91,-1,,2.0
277,9,4,-91,-1,,2.0
278,33,11,-91,-1,,1.0
279,20,3,-91,-1,,1.0
280,5,5,-91,-1,,2.0
281,2,3,-91,-1,,2.0
282,3,5,-91,-1,,2.0
283,12,7,-91,-1,,1.0
284,41,3,-91,-1,,1.0
285,6,1,-91,-1,,1.0
286,22,1,-91,-1,grey,
287,39,2,-91,-1,,1.0
288,11,1,-91,-1,,2.0
289,50,1,-91,-1,,2.0
290,25,5,-91,-1,,1.0
291,14,1,-91,-1,,1.0
292,1,13,-91,-1,,2.0
293,26,5,-91,-1,,1.0
294,53,11,-91,-1,,2.0
295,42,3,-91,-1,,2.0
296,29,22,-91,-1,,2.0
297,65,1,-91,-1,,2.0
298,0,2,-92,-1,,2.0
299,36,1,-92,-1,,2.0
300,7,4,-92,-1,,1.0
301,55,2,-92,-1,,2.0
302,39,1,-92,-1,,2.0
303,24,26,-92,-1,,1.0
304,35,1,-92,-1,grey,
305,22,5,-92,-1,,2.0
306,9,1,-92,-1,,2.0
307,60,6,-92,-1,,2.0
308,0,26,-93,-1,,2.0
309,50,1,-93,-1,,2.0
310,35,1,-93,-1,,1.0
311,62,4,-93,-1,grey,
312,30,2,-94,-1,,1.0
313,30,1,-94,-1,,2.0
314,31,6,-94,-1,,2.0
315,49,3,-94,-1,,2.0
316,4,1,-94,-1,,2.0
317,25,1,-94,-1,,2.0
318,48,2,-94,-1,,2.0
319,10,1,-94,-1,,2.0
320,39,3,-94,-1,,1.0
321,10,1,-94,-1,,1.0
322,47,1,-94,-1,,2.0
323,20,10,-94,-1,,1.0
324,22,7,-94,-1,,1.0
325,38,1,-94,-1,,1.0
326,59,3,-94,-1,,2.0
327,22,22,-94,-1,,2.0
328,48,2,-94,-1,,1.0
329,21,2,-94,-1,grey,
330,62,1,-94,-1,,1.0
331,11,10,-94,-1,,2.0
332,5,1,-94,-1,grey,
333,57,2,-94,-1,,1.0
334,33,17,-94,-1,,2.0
335,54,7,-94,-1,,1.0
336,17,1,-94,-1,,1.0
337,30,3,-94,-1,grey,
338,48,5,-94,-1,,2.0
339,27,1,-94,-1,,2.0
340,4,30,-94,-1,,2.0
341,4,16,-94,-1,,1.0
342,21,4,-94,-1,,1.0
343,30,10,-94,-1,grey,
344,55,11,-94,-1,,1.0
345,0,4,-95,-1,,1.0
346,64,1,-95,-1,,1.0
347,61,5,-95,-1,,2.0
348,0,1,-96,-1,,2.0
349,9,5,-96,-1,,2.0
350,32,1,-96,-1,,2.0
351,53,13,-96,-1,,2.0
352,0,57,-97,-1,,2.0
353,38,3,-97,-1,,2.0
354,9,3,-97,-1,,1.0
355,52,5,-97,-1,,1.0
356,41,1,-97,-1,,2.0
357,28,36,-97,-1,,2.0
358,27,36,-97,-1,,2.0
359,61,4,-97,-1,,1.0
360,2,4,-97,-1,,1.0
361,20,1,-97,-1,,2.0
362,29,3,-97,-1,grey,
363,43,3,-97,-1,,1.0
364,8,5,-97,-1,,1.0
365,51,4,-97,-1,,1.0
366,35,1,-97,-1,,1.0
367,18,5,-97,-1,,2.0
368,15,4,-97,-1,,1.0
369,19,1,-97,-1,,1.0
370,22,2,-97,-1,,1.0
371,30,2,-97,-1,,1.0
372,42,18,-97,-1,,1.0
373,40,3,-97,-1,,2.0
374,29,1,-97,-1,,1.0
375,24,4,-97,-1,grey,
376,26,6,-97,-1,,2.0
377,36,1,-97,-1,,2.0
378,47,1,-97,-1,,2.0
379,54,1,-97,-1,grey,
380,62,3,-97,-1,,1.0
381,19,5,-97,-1,,1.0
382,54,1,-97,-1,,1.0
383,21,2,-97,-1,,1.0
384,59,1,-97,-1,,1.0
385,32,1,-97,-1,,1.0
386,7,3,-97,-1,,2.0
387,56,1,-97,-1,,1.0
388,39,7,-97,-1,,2.0
389,42,12,-97,-1,,2.0
390,8,5,-97,-1,,2.0
391,43,4,-97,-1,,2.0
392,19,47,-97,-1,,1.0
393,0,66,-98,-1,,1.0
394,0,66,-99,-1,,1.0
395,0,66,-100,-1,,1.0
396,0,66,-101,-1,,1.0
397,0,66,-102,-1,,1.0
398,0,66,-103,-1,,1.0
399,0,66,-104,-1,,1.0
400,0,66,-105,-1,,1.0
401,0,66,-106,-1,,1.0
402,0,66,-107,-1,,1.0
403,0,66,-108,-1,,1.0
404,0,66,-109,-1,,1.0
405,0,66,-110,-1,,1.0
406,0,35,-111,-1,,1.0
407,35,31,-111,-1,grey,
408,0,35,-112,-1,grey,
409,35,31,-112,-1,grey,
410,0,35,-113,-1,grey,
411,35,31,-113,-1,grey,
412,0,35,-114,-1,grey,
413,35,31,-114,-1,grey,
414,0,35,-115,-1,grey,
415,35,31,-115,-1,grey,
416,0,35,-116,-1,grey,
417,35,31,-116,-1,grey,
418,0,35,-117,-1,grey,
419,35,31,-117,-1,grey,
420,0,35,-118,-1,grey,
421,35,31,-118,-1,grey,
422,0,35,-119,-1,grey,
423,35,31,-119,-1,grey,
424,0,35,-120,-1,grey,
425,35,31,-120,-1,grey,
426,0,35,-121,-1,grey,
427,35,31,-121,-1,grey,
428,0,35,-122,-1,grey,
429,35,31,-122,-1,grey,
430,0,35,-123,-1,grey,
431,35,31,-123,-1,grey,
432,0,35,-124,-1,grey,
433,35,31,-124,-1,grey,
434,0,35,-125,-1,grey,
435,37,23,-125,-1,,1.0
436,44,1,-125,-1,,1.0
437,5,2,-125,-1,grey,
438,35,1,-125,-1,,1.0
439,28,3,-125,-1,,1.0
440,63,1,-125,-1,grey,
441,31,4,-125,-1,,1.0
442,43,1,-125,-1,,1.0
443,54,12,-125,-1,,1.0
444,0,3,-126,-1,,1.0
445,43,2,-126,-1,,1.0
446,23,3,-126,-1,,1.0
447,10,21,-126,-1,,1.0
448,44,1,-126,-1,,1.0
449,7,5,-126,-1,,1.0
450,31,1,-126,-1,grey,
451,52,6,-126,-1,,1.0
452,44,1,-126,-1,,1.0
453,33,13,-126,-1,,1.0
454,60,6,-126,-1,,1.0
455,0,5,-127,-1,,1.0
456,41,25,-127,-1,,1.0
457,0,2,-128,-1,,1.0
458,14,19,-128,-1,,1.0
459,29,5,-128,-1,,1.0
460,40,26,-128,-1,,1.0
461,0,60,-129,-1,,1.0
462,50,8,-129,-1,,1.0
463,54,12,-129,-1,,1.0
464,0,66,-130,-1,,1.0
465,0,66,-131,-1,,1.0
466,0,66,-132,-1,,1.0
467,0,66,-133,-1,,1.0
468,0,66,-134,-1,,1.0
469,0,66,-135,-1,,1.0
470,0,66,-136,-1,,1.0
471,0,66,-137,-1,,1.0
472,0,66,-138,-1,,1.0
473,0,66,-139,-1,,1.0
474,0,66,-140,-1,,1.0
475,0,66,-141,-1,,1.0
476,0,66,-142,-1,,1.0
477,0,66,-143,-1,,1.0
478,0,66,-144,-1,,1.0
479,0,66,-145,-1,,1.0
480,0,66,-146,-1,,1.0
481,0,66,-147,-1,,1.0
482,0,66,-148,-1,,1.0
483,0,66,-149,-1,,1.0
484,0,66,-150,-1,,1.0
485,0,66,-151,-1,,1.0
486,0,66,-152,-1,,1.0
487,0,66,-153,-1,,1.0
488,0,66,-154,-1,,1.0
489,0,66,-155,-1,,1.0
490,0,66,-156,-1,,1.0
491,0,66,-157,-1,,1.0
492,0,66,-158,-1,,1.0
493,0,66,-159,-1,,1.0
494,0,66,-160,-1,,1.0
495,0,66,-161,-1,,1.0
496,0,66,-162,-1,,1.0
497,0,66,-163,-1,,1.0
498,0,66,-164,-1,,1.0
499,0,66,-165,-1,,1.0
500,0,66,-166,-1,,1.0
501,0,66,-167,-1,,1.0
502,0,66,-168,-1,,1.0
503,0,66,-169,-1,,1.0
504,0,66,-170,-1,,1.0
505,0,66,-171,-1,,1.0
506,0,66,-172,-1,,1.0
507,0,66,-173,-1,,1.0
508,0,20,-174,-1,,1.0
509,20,46,-174,-1,grey,
510,0,20,-175,-1,grey,
511,20,46,-175,-1,grey,
512,0,20,-176,-1,grey,
513,20,46,-176,-1,grey,
514,0,20,-177,-1,grey,
515,20,46,-177,-1,grey,
516,0,20,-178,-1,grey,
517,20,46,-178,-1,grey,
518,0,20,-179,-1,grey,
519,20,46,-179,-1,grey,
520,0,20,-180,-1,grey,
521,20,46,-180,-1,grey,
522,0,20,-181,-1,grey,
523,20,46,-181,-1,grey,
524,0,20,-182,-1,grey,
525,20,46,-182,-1,grey,
526,0,20,-183,-1,grey,
527,20,46,-183,-1,grey,
528,0,20,-184,-1,grey,
529,20,46,-184,-1,grey,
530,0,20,-185,-1,grey,
531,20,46,-185,-1,grey,
532,0,20,-186,-1,grey,
533,20,46,-186,-1,grey,
534,0,20,-187,-1,grey,
535,20,46,-187,-1,grey,
536,0,20,-188,-1,grey,
537,20,46,-188,-1,grey,
538,0,20,-189,-1,grey,
539,20,46,-189,-1,grey,
540,0,20,-190,-1,grey,
541,20,46,-190,-1,grey,
542,0,20,-191,-1,grey,
543,20,46,-191,-1,grey,
544,0,20,-192,-1,grey,
545,20,46,-192,-1,grey,
546,0,20,-193,-1,grey,
547,20,46,-193,-1,grey,
548,0,20,-194,-1,grey,
549,20,46,-194,-1,grey,
550,0,20,-195,-1,grey,
551,20,46,-195,-1,grey,
552,0,20,-196,-1,grey,
553,20,46,-196,-1,grey,
554,0,20,-197,-1,grey,
555,20,46,-197,-1,grey,
556,0,20,-198,-1,grey,
557,20,46,-198,-1,grey,
558,0,20,-199,-1,grey,
559,20,46,-199,-1,grey,
560,0,20,-200,-1,grey,
561,20,46,-200,-1,grey,
562,0,20,-201,-1,grey,
563,20,46,-201,-1,grey,
564,0,20,-202,-1,grey,
565,20,46,-202,-1,grey,
566,0,20,-203,-1,grey,
567,20,46,-203,-1,grey,
568,0,20,-204,-1,grey,
569,20,46,-204,-1,grey,
570,0,20,-205,-1,grey,
571,20,46,-205,-1,grey,
572,0,20,-206,-1,grey,
573,20,46,-206,-1,grey,
574,0,20,-207,-1,grey,
575,20,46,-207,-1,grey,
576,0,20,-208,-1,grey,
577,20,46,-208,-1,grey,
578,0,20,-209,-1,grey,
579,20,46,-209,-1,grey,
580,0,20,-210,-1,grey,
581,20,46,-210,-1,grey,
582,0,20,-211,-1,grey,
583,20,46,-211,-1,grey,
584,0,20,-212,-1,grey,
585,20,46,-212,-1,grey,
586,0,20,-213,-1,grey,
587,20,46,-213,-1,grey,
588,0,20,-214,-1,grey,
589,20,46,-214,-1,grey,
590,0,20,-215,-1,grey,
591,20,46,-215,-1,grey,
592,0,20,-216,-1,grey,
593,20,46,-216,-1,grey,
594,0,20,-217,-1,grey,
595,20,46,-217,-1,grey,
596,0,20,-218,-1,grey,
597,50,1,-218,-1,,1.0
598,47,2,-218,-1,,2.0
599,49,8,-218,-1,,2.0
600,7,4,-218,-1,,1.0
601,35,3,-218,-1,,2.0
602,2,4,-218,-1,,2.0
603,44,1,-218,-1,,1.0
604,32,7,-218,-1,grey,
605,33,2,-218,-1,,2.0
606,27,2,-218,-1,,1.0
607,25,5,-218,-1,,1.0
608,33,3,-218,-1,,1.0
609,48,6,-218,-1,,2.0
610,12,20,-218,-1,,2.0
611,30,6,-218,-1,,2.0
612,46,1,-218,-1,,2.0
613,59,4,-218,-1,,2.0
614,17,4,-218,-1,,1.0
615,49,1,-218,-1,,1.0
616,14,16,-218,-1,,1.0
617,26,3,-218,-1,,2.0
618,30,10,-218,-1,,2.0
619,62,4,-218,-1,,1.0
620,0,2,-219,-1,,1.0
621,19,4,-219,-1,grey,
622,44,3,-219,-1,,2.0
623,29,1,-219,-1,,2.0
624,14,4,-219,-1,,1.0
625,10,3,-219,-1,,1.0
626,11,1,-219,-1,,2.0
627,12,7,-219,-1,,2.0
628,33,3,-219,-1,,2.0
629,56,3,-219,-1,,2.0
630,19,2,-219,-1,,2.0
631,51,1,-219,-1,,1.0
632,18,3,-219,-1,,1.0
633,59,7,-219,-1,,1.0
634,0,8,-220,-1,,1.0
635,15,3,-220,-1,,1.0
636,38,1,-220,-1,,1.0
637,61,5,-220,-1,,1.0
638,0,1,-221,-1,,1.0
639,35,1,-221,-1,,2.0
640,54,4,-221,-1,grey,
641,14,2,-221,-1,,1.0
642,64,2,-221,-1,,2.0
643,0,2,-222,-1,,2.0
644,58,8,-222,-1,,2.0
645,0,5,-223,-1,,2.0
646,21,2,-223,-1,,2.0
647,43,3,-223,-1,,1.0
648,6,3,-223,-1,,2.0
649,41,5,-223,-1,,1.0
650,22,4,-223,-1,,1.0
651,10,1,-223,-1,,1.0
652,63,3,-223,-1,,2.0
653,0,1,-224,-1,,2.0
654,61,1,-224,-1,,2.0
655,58,1,-224,-1,,1.0
656,57,2,-224,-1,,1.0
657,60,1,-224,-1,,2.0
658,65,1,-224,-1,,2.0
659,0,4,-225,-1,,2.0
660,18,4,-225,-1,,1.0
661,44,1,-225,-1,,1.0
662,3,28,-225,-1,,1.0
663,45,3,-225,-1,,1.0
664,2,5,-225,-1,,2.0
665,37,2,-225,-1,,2.0
666,7,1,-225,-1,,1.0
667,44,1,-225,-1,,1.0
668,17,8,-225,-1,,2.0
669,13,1,-225,-1,,1.0
670,4,1,-225,-1,,2.0
671,63,3,-225,-1,,2.0
672,0,3,-226,-1,,2.0
673,5,3,-226,-1,,2.0
674,18,5,-226,-1,,1.0
675,43,7,-226,-1,,2.0
676,18,3,-226,-1,,2.0
677,61,5,-226,-1,,2.0
678,0,8,-227,-1,,2.0
679,8,1,-227,-1,,1.0
680,11,15,-227,-1,,1.0
681,58,8,-227,-1,,1.0
682,0,13,-228,-1,,1.0
683,51,10,-228,-1,,1.0
684,25,19,-228,-1,,1.0
685,45,4,-228,-1,,1.0
686,59,7,-228,-1,,1.0
687,0,19,-229,-1,,1.0
688,15,3,-229,-1,,1.0
689,20,10,-229,-1,,1.0
690,52,3,-229,-1,,1.0
691,17,6,-229,-1,,1.0
692,63,3,-229,-1,,1.0
693,0,2,-230,-1,,1.0
694,52,14,-230,-1,,1.0
695,6,1,-231,-1,,1.0
696,21,5,-231,-1,,1.0
697,38,1,-231,-1,grey,
698,52,4,-231,-1,,1.0
699,24,10,-231,-1,,1.0
700,22,6,-231,-1,,1.0
701,61,5,-231,-1,grey,
702,0,10,-232,-1,grey,
703,58,1,-232,-1,,1.0
704,25,9,-232,-1,,1.0
705,18,2,-232,-1,,1.0
706,32,6,-232,-1,,1.0
707,8,3,-232,-1,,1.0
708,53,1,-232,-1,,1.0
709,10,1,-232,-1,grey,
710,34,3,-232,-1,,1.0
711,23,6,-232,-1,,1.0
712,27,4,-232,-1,,1.0
713,37,2,-232,-1,,1.0
714,49,6,-232,-1,,1.0
715,11,6,-232,-1,,1.0
716,51,5,-232,-1,,1.0
717,34,32,-232,-1,,1.0
718,0,2,-233,-1,,1.0
719,25,4,-233,-1,,1.0
720,17,3,-233,-1,,1.0
721,14,7,-233,-1,,1.0
722,29,21,-233,-1,,1.0
723,34,3,-233,-1,,1.0
724,27,5,-233,-1,,1.0
725,35,31,-233,-1,,1.0
726,0,1,-234,-1,,1.0
727,5,61,-234,-1,,1.0
728,0,66,-235,-1,,1.0
729,0,66,-236,-1,,1.0
730,0,66,-237,-1,,1.0
731,0,66,-238,-1,,1.0
732,0,66,-239,-1,,1.0
733,0,66,-240,-1,,1.0
734,0,66,-241,-1,,1.0
735,0,66,-242,-1,,1.0
736,0,66,-243,-1,,1.0
737,0,66,-244,-1,,1.0
738,0,66,-245,-1,,1.0
739,0,66,-246,-1,,1.0
740,0,12,-247,-1,,1.0
741,12,54,-247,-1,grey,
742,0,12,-248,-1,grey,
743,12,54,-248,-1,grey,
744,0,12,-249,-1,grey,
745,12,54,-249,-1,grey,
746,0,12,-250,-1,grey,
747,12,54,-250,-1,grey,
748,0,12,-251,-1,grey,
749,12,54,-251,-1,grey,
750,0,12,-252,-1,grey,
751,12,54,-252,-1,grey,
752,0,12,-253,-1,grey,
753,12,54,-253,-1,grey,
754,0,12,-254,-1,grey,
755,12,54,-254,-1,grey,
756,0,12,-255,-1,grey,
757,12,54,-255,-1,grey,
758,0,12,-256,-1,grey,
759,12,54,-256,-1,grey,
760,0,12,-257,-1,grey,
761,12,54,-257,-1,grey,
762,0,12,-258,-1,grey,
763,12,54,-258,-1,grey,
764,0,12,-259,-1,grey,
765,54,1,-259,-1,,2.0
766,9,3,-259,-1,,2.0
767,38,1,-259,-1,,2.0
768,1,1,-259,-1,,4.0
769,32,10,-259,-1,,4.0
770,26,1,-259,-1,,1.0
771,13,4,-259,-1,,1.0
772,18,1,-259,-1,,1.0
773,23,1,-259,-1,,1.0
774,30,1,-259,-1,,2.0
775,39,2,-259,-1,,2.0
776,53,4,-259,-1,,1.0
777,11,1,-259,-1,,1.0
778,34,4,-259,-1,,1.0
779,2,5,-259,-1,,1.0
780,47,1,-259,-1,,1.0
781,24,2,-259,-1,,1.0
782,49,3,-259,-1,grey,
783,12,3,-259,-1,,1.0
784,7,3,-259,-1,,2.0
785,8,1,-259,-1,,2.0
786,9,3,-259,-1,,2.0
787,18,1,-259,-1,,2.0
788,27,1,-259,-1,,2.0
789,38,1,-259,-1,,2.0
790,51,1,-259,-1,,2.0
791,26,2,-259,-1,grey,
792,4,1,-259,-1,,1.0
793,25,1,-259,-1,,1.0
794,4,1,-259,-1,grey,
795,50,1,-259,-1,,1.0
796,11,4,-259,-1,,1.0
797,49,1,-259,-1,,1.0
798,20,1,-259,-1,,2.0
799,7,2,-259,-1,grey,
800,63,3,-259,-1,,1.0
801,48,2,-260,-1,,1.0
802,36,1,-260,-1,,1.0
803,25,1,-260,-1,,2.0
804,16,3,-260,-1,,2.0
805,15,3,-260,-1,,1.0
806,19,1,-260,-1,,1.0
807,24,2,-260,-1,,1.0
808,34,1,-260,-1,,2.0
809,45,1,-260,-1,,1.0
810,58,5,-260,-1,,1.0
811,19,1,-260,-1,,1.0
812,44,3,-260,-1,,2.0
813,11,1,-260,-1,,1.0
814,44,2,-260,-1,,1.0
815,16,1,-260,-1,,2.0
816,55,1,-260,-1,,2.0
817,10,5,-260,-1,grey,
818,40,3,-260,-1,,1.0
819,33,6,-260,-1,,1.0
820,41,3,-260,-1,,1.0
821,52,7,-260,-1,,1.0
822,15,7,-260,-1,,1.0
823,58,7,-260,-1,,1.0
824,49,3,-260,-1,,2.0
825,42,5,-260,-1,,2.0
826,47,19,-260,-1,,2.0
827,0,30,-261,-1,,2.0
828,62,3,-261,-1,,2.0
829,37,3,-261,-1,,2.0
830,18,10,-261,-1,,2.0
831,26,4,-261,-1,,2.0
832,33,7,-261,-1,,2.0
833,60,2,-261,-1,,2.0
834,20,6,-261,-1,,2.0
835,62,4,-261,-1,,1.0
836,0,3,-262,-1,,1.0
837,53,4,-262,-1,,2.0
838,49,4,-262,-1,,2.0
839,53,3,-262,-1,,2.0
840,62,2,-262,-1,,2.0
841,8,1,-262,-1,,1.0
842,21,1,-262,-1,,1.0
843,62,3,-262,-1,grey,
844,42,1,-262,-1,,1.0
845,65,1,-262,-1,,1.0
846,0,1,-263,-1,,1.0
847,27,2,-263,-1,,2.0
848,59,1,-263,-1,,2.0
849,26,2,-263,-1,,1.0
850,13,5,-263,-1,grey,
851,8,8,-263,-1,,1.0
852,12,1,-263,-1,,1.0
853,11,2,-263,-1,,1.0
854,14,3,-263,-1,,1.0
855,25,1,-263,-1,,1.0
856,36,1,-263,-1,,1.0
857,49,1,-263,-1,,1.0
858,57,7,-263,-1,grey,
859,12,1,-263,-1,,1.0
860,43,8,-263,-1,,1.0
861,31,2,-263,-1,,2.0
862,17,1,-263,-1,,2.0
863,4,30,-263,-1,,1.0
864,14,52,-263,-1,,1.0
865,0,17,-264,-1,,1.0
866,15,20,-264,-1,,1.0
867,53,2,-264,-1,,1.0
868,29,37,-264,-1,,1.0
869,0,1,-265,-1,,1.0
870,51,1,-265,-1,,1.0
871,38,1,-265,-1,,1.0
872,27,39,-265,-1,,1.0
873,0,66,-266,-1,,1.0
874,0,53,-267,-1,,1.0
875,53,13,-267,-1,grey,
876,0,53,-268,-1,grey,
877,53,13,-268,-1,grey,
878,0,53,-269,-1,grey,
879,8,23,-269,-1,,1.0
880,53,1,-269,-1,,1.0
881,33,1,-269,-1,grey,
882,14,15,-269,-1,,1.0
883,19,47,-269,-1,,1.0
884,0,46,-270,-1,,1.0
885,46,20,-270,-1,grey,
886,0,46,-271,-1,grey,
887,46,20,-271,-1,grey,
888,0,46,-272,-1,grey,
889,46,20,-272,-1,grey,
890,0,46,-273,-1,grey,
891,46,20,-273,-1,grey,
892,0,46,-274,-1,grey,
893,46,20,-274,-1,grey,
894,0,46,-275,-1,grey,
895,46,20,-275,-1,grey,
896,0,46,-276,-1,grey,
897,46,20,-276,-1,grey,
898,0,46,-277,-1,grey,
899,46,20,-277,-1,grey,
900,0,46,-278,-1,grey,
901,46,20,-278,-1,grey,
902,0,46,-279,-1,grey,
903,46,20,-279,-1,grey,
904,0,46,-280,-1,grey,
905,46,20,-280,-1,grey,
906,0,46,-281,-1,grey,
907,46,20,-281,-1,grey,
908,0,46,-282,-1,grey,
909,46,20,-282,-1,grey,
910,0,46,-283,-1,grey,
911,46,20,-283,-1,grey,
912,0,46,-284,-1,grey,
913,58,8,-284,-1,,1.0
914,0,29,-285,-1,,1.0
915,61,5,-285,-1,,1.0
916,0,40,-286,-1,,1.0
917,3,1,-286,-1,,1.0
918,64,2,-286,-1,,1.0
919,0,51,-287,-1,,1.0
920,3,10,-287,-1,,1.0
921,3,1,-287,-1,,1.0
922,62,4,-287,-1,,1.0
923,0,45,-288,-1,,1.0
924,57,9,-288,-1,,1.0
925,0,38,-289,-1,,1.0
926,24,1,-289,-1,,1.0
927,13,2,-289,-1,,1.0
928,11,1,-289,-1,grey,
929,9,1,-289,-1,,1.0
930,6,8,-289,-1,,1.0
931,20,20,-289,-1,,1.0
932,0,1,-289,-1,grey,
933,28,38,-289,-1,,1.0
934,0,35,-290,-1,,1.0
935,3,15,-290,-1,,1.0
936,18,48,-290,-1,grey,
937,0,18,-291,-1,grey,
938,18,48,-291,-1,grey,
939,0,18,-292,-1,grey,
940,29,23,-292,-1,,1.0
941,54,1,-292,-1,,1.0
942,59,7,-292,-1,,1.0
943,0,1,-293,-1,,1.0
944,21,30,-293,-1,,1.0
945,58,3,-293,-1,,1.0
946,15,3,-293,-1,,1.0
947,31,12,-293,-1,grey,
948,2,41,-293,-1,,1.0
949,43,5,-293,-1,,1.0
950,58,8,-293,-1,,1.0
951,0,8,-294,-1,,1.0
952,50,6,-294,-1,,1.0
953,44,7,-294,-1,,1.0
954,53,5,-294,-1,,1.0
955,4,4,-294,-1,,1.0
956,28,10,-294,-1,,1.0
957,12,6,-294,-1,,1.0
958,4,6,-294,-1,,1.0
959,8,47,-294,-1,,1.0
960,35,1,-294,-1,,1.0
961,64,2,-294,-1,,1.0
962,0,30,-295,-1,,1.0
963,43,6,-295,-1,,1.0
964,21,14,-295,-1,,1.0
965,35,31,-295,-1,,1.0
966,0,66,-296,-1,,1.0
967,0,3,-297,-1,,1.0
968,3,63,-297,-1,grey,
969,0,3,-298,-1,grey,
970,4,18,-298,-1,,1.0
971,41,13,-298,-1,grey,
972,20,3,-298,-1,,1.0
973,27,12,-298,-1,,1.0
974,1,5,-298,-1,,1.0
975,44,3,-298,-1,,1.0
976,25,5,-298,-1,,1.0
977,18,3,-298,-1,,1.0
978,15,12,-298,-1,,1.0
979,36,10,-298,-1,,1.0
980,18,25,-298,-1,,1.0
981,65,1,-298,-1,,1.0
982,0,7,-299,-1,,1.0
983,45,21,-299,-1,,1.0
984,0,11,-300,-1,,1.0
985,29,13,-300,-1,,1.0
986,38,3,-300,-1,,1.0
987,43,16,-300,-1,,1.0
988,27,25,-300,-1,,1.0
989,61,5,-300,-1,,1.0
990,0,28,-301,-1,,1.0
991,46,4,-301,-1,,1.0
992,10,10,-301,-1,,1.0
993,0,8,-301,-1,,1.0
994,4,62,-301,-1,,1.0
995,0,66,-302,-1,,1.0
996,0,66,-303,-1,,1.0
997,0,66,-304,-1,,1.0
998,0,66,-305,-1,,1.0
999,0,66,-306,-1,,1.0
1000,0,49,-307,-1,,1.0
1001,49,17,-307,-1,grey,
1002,0,49,-308,-1,grey,
1003,49,17,-308,-1,grey,
1004,0,49,-309,-1,grey,
1005,49,17,-309,-1,grey,
1006,0,49,-310,-1,grey,
1007,49,17,-310,-1,grey,
1008,0,49,-311,-1,grey,
1009,49,17,-311,-1,grey,
1010,0,49,-312,-1,grey,
1011,49,17,-312,-1,grey,
1012,0,49,-313,-1,grey,
1013,26,2,-313,-1,,7.0
1014,52,1,-313,-1,,7.0
1015,13,1,-313,-1,,4.0
1016,42,1,-313,-1,,4.0
1017,7,1,-313,-1,,2.0
1018,40,1,-313,-1,,6.0
1019,9,1,-313,-1,,6.0
1020,46,1,-313,-1,,5.0
1021,19,1,-313,-1,,6.0
1022,60,1,-313,-1,,6.0
1023,37,2,-313,-1,,5.0
1024,19,1,-313,-1,,5.0
1025,2,2,-313,-1,,6.0
1026,56,3,-313,-1,,5.0
1027,51,6,-313,-1,,4.0
1028,59,2,-313,-1,,5.0
1029,3,1,-313,-1,,5.0
1030,14,1,-313,-1,,5.0
1031,27,2,-313,-1,,5.0
1032,45,1,-313,-1,,5.0
1033,64,2,-313,-1,,4.0
1034,0,1,-314,-1,,4.0
1035,25,1,-314,-1,,5.0
1036,52,3,-314,-1,,5.0
1037,21,1,-314,-1,,5.0
1038,56,3,-314,-1,,5.0
1039,33,1,-314,-1,,3.0
1040,10,1,-314,-1,,2.0
1041,55,1,-314,-1,,7.0
1042,36,1,-314,-1,,6.0
1043,19,9,-314,-1,,5.0
1044,28,1,-314,-1,,3.0
1045,31,1,-314,-1,,3.0
1046,36,1,-314,-1,,4.0
1047,43,1,-314,-1,,4.0
1048,52,1,-314,-1,,3.0
1049,63,2,-314,-1,,3.0
1050,13,2,-314,-1,,3.0
1051,33,4,-314,-1,,2.0
1052,63,3,-314,-1,,5.0
1053,0,1,-315,-1,,5.0
1054,35,1,-315,-1,,4.0
1055,6,4,-315,-1,,4.0
1056,54,1,-315,-1,,4.0
1057,35,4,-315,-1,,3.0
1058,27,1,-315,-1,,4.0
1059,18,1,-315,-1,,3.0
1060,11,5,-315,-1,,3.0
1061,17,6,-315,-1,,3.0
1062,37,4,-315,-1,,3.0
1063,63,1,-315,-1,,3.0
1064,22,1,-315,-1,,2.0
1065,49,3,-315,-1,,2.0
1066,18,2,-315,-1,,2.0
1067,56,3,-315,-1,,2.0
1068,35,1,-315,-1,,5.0
1069,14,1,-315,-1,,5.0
1070,61,1,-315,-1,,5.0
1071,44,1,-315,-1,,1.0
1072,29,2,-315,-1,,2.0
1073,19,2,-315,-1,,1.0
1074,13,1,-315,-1,,1.0
1075,8,6,-315,-1,,1.0
1076,20,6,-315,-1,,2.0
1077,44,1,-315,-1,,2.0
1078,65,1,-315,-1,,3.0
1079,22,3,-316,-1,,2.0
1080,53,3,-316,-1,,2.0
1081,24,3,-316,-1,,2.0
1082,14,2,-316,-1,grey,
1083,5,2,-316,-1,,1.0
1084,55,1,-316,-1,,2.0
1085,40,2,-316,-1,,2.0
1086,30,2,-316,-1,,1.0
1087,28,2,-316,-1,grey,
1088,28,1,-316,-1,,1.0
1089,27,2,-316,-1,,1.0
1090,30,5,-316,-1,,2.0
1091,47,1,-316,-1,,2.0
1092,55,8,-316,-1,grey,
1093,12,1,-316,-1,,1.0
1094,45,11,-316,-1,,1.0
1095,17,2,-316,-1,grey,
1096,48,3,-316,-1,,1.0
1097,49,2,-316,-1,,2.0
1098,19,2,-316,-1,grey,
1099,57,3,-316,-1,,1.0
1100,6,9,-316,-1,,1.0
1101,63,1,-316,-1,grey,
1102,47,5,-316,-1,,1.0
1103,28,1,-316,-1,,2.0
1104,7,2,-316,-1,,3.0
1105,57,1,-316,-1,,3.0
1106,42,7,-316,-1,,3.0
1107,47,2,-316,-1,,3.0
1108,50,1,-316,-1,,3.0
1109,55,1,-316,-1,,2.0
1110,62,1,-316,-1,,1.0
1111,5,1,-316,-1,,1.0
1112,16,6,-316,-1,,1.0
1113,44,4,-316,-1,,2.0
1114,12,1,-316,-1,,3.0
1115,45,6,-316,-1,,3.0
1116,29,2,-316,-1,,2.0
1117,13,1,-316,-1,,2.0
1118,64,2,-316,-1,,2.0
1119,54,1,-317,-1,,3.0
1120,45,1,-317,-1,,2.0
1121,38,6,-317,-1,,2.0
1122,48,7,-317,-1,,2.0
1123,7,5,-317,-1,,2.0
1124,40,7,-317,-1,,2.0
1125,23,3,-317,-1,,2.0
1126,8,3,-317,-1,,2.0
1127,65,1,-317,-1,,2.0
1128,0,1,-318,-1,,2.0
1129,59,2,-318,-1,,3.0
1130,57,2,-318,-1,,2.0
1131,59,4,-318,-1,,1.0
1132,5,13,-318,-1,,1.0
1133,35,9,-318,-1,grey,
1134,4,1,-318,-1,,1.0
1135,32,1,-318,-1,grey,
1136,61,5,-318,-1,,1.0
1137,0,2,-319,-1,,1.0
1138,6,4,-319,-1,,1.0
1139,22,6,-319,-1,,1.0
1140,52,1,-319,-1,,2.0
1141,13,3,-319,-1,,2.0
1142,48,1,-319,-1,,2.0
1143,33,1,-319,-1,grey,
1144,19,5,-319,-1,,1.0
1145,4,2,-319,-1,,1.0
1146,56,3,-319,-1,,1.0
1147,49,3,-319,-1,,2.0
1148,48,2,-319,-1,,2.0
1149,50,1,-319,-1,,1.0
1150,53,1,-319,-1,,1.0
1151,58,5,-319,-1,,1.0
1152,11,6,-319,-1,,1.0
1153,43,3,-319,-1,,1.0
1154,12,6,-319,-1,,1.0
1155,62,4,-319,-1,,1.0
1156,0,2,-320,-1,,1.0
1157,58,4,-320,-1,,1.0
1158,60,3,-320,-1,,1.0
1159,1,5,-320,-1,,1.0
1160,20,6,-320,-1,,2.0
1161,52,10,-320,-1,,2.0
1162,42,3,-320,-1,,2.0
1163,38,3,-320,-1,grey,
1164,37,1,-320,-1,,1.0
1165,32,3,-320,-1,,2.0
1166,35,1,-320,-1,,2.0
1167,38,14,-320,-1,,1.0
1168,16,5,-320,-1,,2.0
1169,61,3,-320,-1,,2.0
1170,44,3,-320,-1,,2.0
1171,33,4,-320,-1,,3.0
1172,31,4,-320,-1,,2.0
1173,37,4,-320,-1,,1.0
1174,51,5,-320,-1,,1.0
1175,33,1,-320,-1,grey,
1176,12,1,-320,-1,,1.0
1177,37,3,-320,-1,,1.0
1178,4,1,-320,-1,,1.0
1179,37,2,-320,-1,,2.0
1180,9,22,-320,-1,,1.0
1181,38,3,-320,-1,,1.0
1182,61,2,-320,-1,,2.0
1183,21,5,-320,-1,,2.0
1184,60,1,-320,-1,,1.0
1185,31,1,-320,-1,,1.0
1186,51,1,-320,-1,grey,
1187,6,15,-320,-1,,1.0
1188,25,2,-320,-1,,1.0
1189,35,1,-320,-1,,1.0
1190,8,6,-320,-1,grey,
1191,58,7,-320,-1,,1.0
1192,35,2,-320,-1,,2.0
1193,11,5,-320,-1,,1.0
1194,0,1,-320,-1,,1.0
1195,53,1,-320,-1,,1.0
1196,42,4,-320,-1,,1.0
1197,42,3,-320,-1,,1.0
1198,47,5,-320,-1,,1.0
1199,0,2,-320,-1,,2.0
1200,20,2,-320,-1,,2.0
1201,44,1,-320,-1,,2.0
1202,3,1,-320,-1,,3.0
1203,30,10,-320,-1,,2.0
1204,20,1,-320,-1,,1.0
1205,3,20,-320,-1,,2.0
1206,45,2,-320,-1,,2.0
1207,7,4,-320,-1,,3.0
1208,45,21,-320,-1,,3.0
1209,0,12,-321,-1,,3.0
1210,29,11,-321,-1,,2.0
1211,30,36,-321,-1,,1.0
1212,0,10,-322,-1,,1.0
1213,18,48,-322,-1,,1.0
1214,0,66,-323,-1,,1.0
1215,0,66,-324,-1,,1.0
1216,0,66,-325,-1,,1.0
1217,0,66,-326,-1,,1.0
1218,0,66,-327,-1,,1.0
1219,0,66,-328,-1,,1.0
1220,0,66,-329,-1,,1.0
1221,0,66,-330,-1,,1.0
1222,0,66,-331,-1,,1.0
1223,0,66,-332,-1,,1.0
1224,0,66,-333,-1,,1.0
1225,0,66,-334,-1,,1.0
1226,0,66,-335,-1,,1.0
1227,0,66,-336,-1,,1.0
1228,0,66,-337,-1,,1.0
1229,0,66,-338,-1,,1.0
1230,0,66,-339,-1,,1.0
1231,0,66,-340,-1,,1.0
1232,0,66,-341,-1,,1.0
1233,0,66,-342,-1,,1.0
1234,0,66,-343,-1,,1.0
1235,0,66,-344,-1,,1.0
1236,0,66,-345,-1,,1.0
1237,0,66,-346,-1,,1.0
1238,0,66,-347,-1,,1.0
1239,0,66,-348,-1,,1.0
1240,0,66,-349,-1,,1.0
1241,0,66,-350,-1,,1.0
1242,0,66,-351,-1,,1.0
1243,0,66,-352,-1,,1.0
1244,0,66,-353,-1,,1.0
1245,0,66,-354,-1,,1.0
1246,0,66,-355,-1,,1.0
1247,0,66,-356,-1,,1.0
1248,0,66,-357,-1,,1.0
1249,0,66,-358,-1,,1.0
1250,0,66,-359,-1,,1.0
1251,0,11,-360,-1,,1.0
1252,11,55,-360,-1,grey,
1253,0,11,-361,-1,grey,
1254,11,55,-361,-1,grey,
1255,0,11,-362,-1,grey,
1256,11,55,-362,-1,grey,
1257,0,11,-363,-1,grey,
1258,11,55,-363,-1,grey,
1259,0,11,-364,-1,grey,
1260,11,55,-364,-1,grey,
1261,0,11,-365,-1,grey,
1262,11,55,-365,-1,grey,
1263,0,11,-366,-1,grey,
1264,11,55,-366,-1,grey,
1265,0,11,-367,-1,grey,
1266,11,55,-367,-1,grey,
1267,0,11,-368,-1,grey,
1268,11,55,-368,-1,grey,
1269,0,11,-369,-1,grey,
1270,11,55,-369,-1,grey,
1271,0,11,-370,-1,grey,
1272,11,55,-370,-1,grey,
1273,0,11,-371,-1,grey,
1274,11,55,-371,-1,grey,
1275,0,11,-372,-1,grey,
1276,11,55,-372,-1,grey,
1277,0,11,-373,-1,grey,
1278,11,55,-373,-1,grey,
1279,0,11,-374,-1,grey,
1280,11,55,-374,-1,grey,
1281,0,11,-375,-1,grey,
1282,11,55,-375,-1,grey,
1283,0,11,-376,-1,grey,
1284,11,55,-376,-1,grey,
1285,0,11,-377,-1,grey,
1286,11,55,-377,-1,grey,
1287,0,11,-378,-1,grey,
1288,11,55,-378,-1,grey,
1289,0,11,-379,-1,grey,
1290,11,55,-379,-1,grey,
1291,0,11,-380,-1,grey,
1292,11,55,-380,-1,grey,
1293,0,11,-381,-1,grey,
1294,11,55,-381,-1,grey,
1295,0,11,-382,-1,grey,
1296,11,55,-382,-1,grey,
1297,0,11,-383,-1,grey,
1298,11,55,-383,-1,grey,
1299,0,11,-384,-1,grey,
1300,11,55,-384,-1,grey,
1301,0,11,-385,-1,grey,
1302,11,55,-385,-1,grey,
1303,0,11,-386,-1,grey,
1304,11,55,-386,-1,grey,
1305,0,11,-387,-1,grey,
1306,11,55,-387,-1,grey,
1307,0,11,-388,-1,grey,
1308,11,55,-388,-1,grey,
1309,0,11,-389,-1,grey,
1310,11,55,-389,-1,grey,
1311,0,11,-390,-1,grey,
1312,11,55,-390,-1,grey,
1313,0,11,-391,-1,grey,
1314,11,55,-391,-1,grey,
1315,0,11,-392,-1,grey,
1316,11,55,-392,-1,grey,
1317,0,11,-393,-1,grey,
1318,11,55,-393,-1,grey,
1319,0,11,-394,-1,grey,
1320,11,55,-394,-1,grey,
1321,0,11,-395,-1,grey,
1322,11,55,-395,-1,grey,
1323,0,11,-396,-1,grey,
1324,11,55,-396,-1,grey,
1325,0,11,-397,-1,grey,
1326,12,3,-397,-1,,3.0
1327,23,1,-397,-1,,3.0
1328,34,3,-397,-1,,3.0
1329,53,8,-397,-1,,3.0
1330,27,1,-397,-1,,2.0
1331,62,4,-397,-1,,3.0
1332,42,1,-398,-1,,3.0
1333,21,1,-398,-1,,2.0
1334,2,11,-398,-1,,2.0
1335,15,1,-398,-1,,2.0
1336,20,2,-398,-1,,1.0
1337,30,4,-398,-1,,2.0
1338,50,2,-398,-1,,2.0
1339,6,1,-398,-1,,2.0
1340,29,1,-398,-1,,2.0
1341,54,1,-398,-1,,1.0
1342,15,3,-398,-1,,2.0
1343,50,1,-398,-1,,2.0
1344,19,4,-398,-1,,3.0
1345,65,1,-398,-1,,2.0
1346,0,1,-399,-1,,2.0
1347,47,10,-399,-1,,3.0
1348,57,9,-399,-1,,3.0
1349,0,1,-400,-1,,3.0
1350,21,1,-400,-1,,2.0
1351,44,4,-400,-1,,2.0
1352,12,2,-400,-1,,2.0
1353,48,4,-400,-1,,1.0
1354,28,1,-400,-1,,2.0
1355,7,10,-400,-1,,2.0
1356,15,1,-400,-1,,1.0
1357,16,1,-400,-1,,1.0
1358,19,1,-400,-1,,2.0
1359,24,5,-400,-1,,2.0
1360,43,4,-400,-1,,2.0
1361,3,2,-400,-1,,1.0
1362,31,3,-400,-1,,2.0
1363,0,1,-400,-1,,2.0
1364,35,5,-400,-1,,2.0
1365,18,4,-400,-1,,3.0
1366,8,1,-400,-1,,2.0
1367,63,3,-400,-1,,3.0
1368,0,5,-401,-1,,3.0
1369,7,4,-401,-1,,3.0
1370,23,1,-401,-1,,3.0
1371,38,1,-401,-1,,2.0
1372,55,1,-401,-1,,3.0
1373,8,1,-401,-1,,3.0
1374,29,5,-401,-1,,3.0
1375,64,2,-401,-1,,2.0
1376,0,4,-402,-1,,2.0
1377,46,1,-402,-1,,2.0
1378,25,1,-402,-1,,1.0
1379,6,1,-402,-1,,1.0
1380,55,2,-402,-1,,2.0
1381,43,3,-402,-1,,2.0
1382,38,1,-402,-1,,2.0
1383,33,1,-402,-1,,2.0
1384,30,3,-402,-1,,2.0
1385,35,1,-402,-1,,2.0
1386,40,1,-402,-1,,1.0
1387,47,2,-402,-1,,2.0
1388,59,3,-402,-1,,2.0
1389,12,12,-402,-1,,3.0
1390,64,2,-402,-1,,3.0
1391,44,2,-403,-1,,2.0
1392,28,4,-403,-1,,2.0
1393,22,1,-403,-1,,3.0
1394,15,10,-403,-1,,2.0
1395,31,2,-403,-1,,2.0
1396,41,5,-403,-1,grey,
1397,59,7,-403,-1,,2.0
1398,0,8,-404,-1,,2.0
1399,64,1,-404,-1,,2.0
1400,57,1,-404,-1,,3.0
1401,52,1,-404,-1,,3.0
1402,49,3,-404,-1,,3.0
1403,54,10,-404,-1,,3.0
1404,20,2,-404,-1,,3.0
1405,48,9,-404,-1,,3.0
1406,35,2,-404,-1,,3.0
1407,19,1,-404,-1,,3.0
1408,4,3,-404,-1,,2.0
1409,63,1,-404,-1,,3.0
1410,56,3,-404,-1,,2.0
1411,57,1,-404,-1,,1.0
1412,58,2,-404,-1,,1.0
1413,64,2,-404,-1,,2.0
1414,0,1,-405,-1,,2.0
1415,11,1,-405,-1,,2.0
1416,24,1,-405,-1,,2.0
1417,39,1,-405,-1,,2.0
1418,56,1,-405,-1,,2.0
1419,9,5,-405,-1,,2.0
1420,42,2,-405,-1,,1.0
1421,10,1,-405,-1,,2.0
1422,45,2,-405,-1,,1.0
1423,19,1,-405,-1,,2.0
1424,60,1,-405,-1,,3.0
1425,37,1,-405,-1,,3.0
1426,16,1,-405,-1,,2.0
1427,63,3,-405,-1,,1.0
1428,0,7,-406,-1,,1.0
1429,7,1,-406,-1,,1.0
1430,10,2,-406,-1,,1.0
1431,18,3,-406,-1,,2.0
1432,33,1,-406,-1,,2.0
1433,48,2,-406,-1,,1.0
1434,2,1,-406,-1,,1.0
1435,23,3,-406,-1,,1.0
1436,52,1,-406,-1,,2.0
1437,15,1,-406,-1,,1.0
1438,46,1,-406,-1,,2.0
1439,13,1,-406,-1,,1.0
1440,48,11,-406,-1,,1.0
1441,49,1,-406,-1,,1.0
1442,42,4,-406,-1,,1.0
1443,46,1,-406,-1,,1.0
1444,48,2,-406,-1,grey,
1445,53,1,-406,-1,,1.0
1446,58,8,-406,-1,grey,
1447,0,3,-407,-1,grey,
1448,18,19,-407,-1,,1.0
1449,39,3,-407,-1,,1.0
1450,50,1,-407,-1,,1.0
1451,61,4,-407,-1,,1.0
1452,17,4,-407,-1,,1.0
1453,47,2,-407,-1,,1.0
1454,31,5,-407,-1,grey,
1455,23,1,-407,-1,,1.0
1456,0,3,-407,-1,,2.0
1457,51,4,-407,-1,,2.0
1458,45,8,-407,-1,,2.0
1459,56,1,-407,-1,,1.0
1460,65,1,-407,-1,,1.0
1461,10,3,-408,-1,,1.0
1462,29,3,-408,-1,,1.0
1463,54,4,-408,-1,,1.0
1464,22,3,-408,-1,,1.0
1465,61,2,-408,-1,,1.0
1466,37,5,-408,-1,,1.0
1467,1,2,-408,-1,grey,
1468,30,4,-408,-1,,1.0
1469,30,1,-408,-1,,1.0
1470,29,1,-408,-1,,1.0
1471,63,3,-408,-1,grey,
1472,0,2,-409,-1,grey,
1473,40,2,-409,-1,,1.0
1474,56,3,-409,-1,,1.0
1475,13,3,-409,-1,,1.0
1476,42,1,-409,-1,,1.0
1477,5,3,-409,-1,,2.0
1478,42,1,-409,-1,,1.0
1479,13,2,-409,-1,,2.0
1480,55,1,-409,-1,,2.0
1481,32,1,-409,-1,,1.0
1482,22,1,-409,-1,grey,
1483,13,2,-409,-1,,1.0
1484,65,1,-409,-1,,2.0
1485,52,1,-410,-1,,1.0
1486,41,1,-410,-1,,2.0
1487,32,1,-410,-1,,2.0
1488,25,11,-410,-1,,1.0
1489,43,1,-410,-1,,1.0
1490,60,5,-410,-1,,1.0
1491,25,1,-410,-1,,1.0
1492,40,3,-410,-1,grey,
1493,60,4,-410,-1,,1.0
1494,40,1,-410,-1,,1.0
1495,19,1,-410,-1,,1.0
1496,43,13,-410,-1,grey,
1497,26,4,-410,-1,,1.0
1498,44,1,-410,-1,,1.0
1499,20,13,-410,-1,grey,
1500,21,1,-410,-1,,1.0
1501,11,1,-410,-1,grey,
1502,2,6,-410,-1,,1.0
1503,0,3,-410,-1,,2.0
1504,1,1,-410,-1,,2.0
1505,2,4,-410,-1,,3.0
1506,14,4,-410,-1,,2.0
1507,34,2,-410,-1,,2.0
1508,56,1,-410,-1,,2.0
1509,13,1,-410,-1,,2.0
1510,38,2,-410,-1,,2.0
1511,2,2,-410,-1,,2.0
1512,36,7,-410,-1,,2.0
1513,23,1,-410,-1,,1.0
1514,6,7,-410,-1,,2.0
1515,9,4,-410,-1,,2.0
1516,17,9,-410,-1,,3.0
1517,48,14,-410,-1,,2.0
1518,46,1,-410,-1,,1.0
1519,33,1,-410,-1,,2.0
1520,22,1,-410,-1,,3.0
1521,13,3,-410,-1,,3.0
1522,12,1,-410,-1,,2.0
1523,11,1,-410,-1,,1.0
1524,12,1,-410,-1,,1.0
1525,15,1,-410,-1,,1.0
1526,20,3,-410,-1,,2.0
1527,33,1,-410,-1,,2.0
1528,46,1,-410,-1,,2.0
1529,61,3,-410,-1,,1.0
1530,8,4,-410,-1,grey,
1531,26,1,-410,-1,,1.0
1532,57,1,-410,-1,,1.0
1533,8,9,-410,-1,grey,
1534,42,1,-410,-1,,1.0
1535,29,3,-410,-1,,1.0
1536,24,1,-410,-1,,1.0
1537,19,1,-410,-1,,1.0
1538,16,1,-410,-1,,1.0
1539,15,1,-410,-1,,1.0
1540,16,3,-410,-1,,1.0
1541,55,11,-410,-1,grey,
1542,0,1,-411,-1,grey,
1543,49,3,-411,-1,,1.0
1544,22,3,-411,-1,,1.0
1545,1,3,-411,-1,,1.0
1546,61,4,-411,-1,grey,
1547,60,2,-411,-1,,1.0
1548,56,3,-411,-1,,1.0
1549,59,1,-411,-1,,1.0
1550,62,4,-411,-1,,1.0
1551,0,5,-412,-1,,1.0
1552,25,1,-412,-1,,1.0
1553,48,2,-412,-1,,1.0
1554,10,2,-412,-1,,1.0
1555,27,15,-412,-1,grey,
1556,6,5,-412,-1,,1.0
1557,15,1,-412,-1,,1.0
1558,22,4,-412,-1,,1.0
1559,40,3,-412,-1,,2.0
1560,63,2,-412,-1,,2.0
1561,44,2,-412,-1,grey,
1562,27,3,-412,-1,,1.0
1563,64,2,-412,-1,,1.0
1564,0,2,-413,-1,,1.0
1565,44,21,-413,-1,,1.0
1566,8,2,-413,-1,,1.0
1567,32,1,-413,-1,,1.0
1568,57,9,-413,-1,,2.0
1569,0,5,-414,-1,,2.0
1570,57,1,-414,-1,,2.0
1571,46,8,-414,-1,,2.0
1572,58,3,-414,-1,,2.0
1573,5,15,-414,-1,,2.0
1574,24,14,-414,-1,,1.0
1575,8,22,-414,-1,,1.0
1576,44,1,-414,-1,,1.0
1577,20,1,-414,-1,grey,
1578,63,3,-414,-1,,1.0
1579,0,64,-415,-1,,1.0
1580,41,4,-415,-1,,1.0
1581,7,48,-415,-1,,1.0
1582,18,1,-415,-1,,1.0
1583,13,13,-415,-1,,1.0
1584,46,1,-415,-1,,1.0
1585,3,8,-415,-1,,1.0
1586,49,1,-415,-1,,1.0
1587,24,35,-415,-1,,1.0
1588,15,51,-415,-1,,1.0
1589,0,66,-416,-1,,1.0
1590,0,66,-417,-1,,1.0
1591,0,66,-418,-1,,1.0
1592,0,66,-419,-1,,1.0
1593,0,66,-420,-1,,1.0
1594,0,66,-421,-1,,1.0
1595,0,66,-422,-1,,1.0
1596,0,49,-423,-1,,1.0
1597,49,17,-423,-1,grey,
1598,0,49,-424,-1,grey,
1599,49,17,-424,-1,grey,
1600,0,49,-425,-1,grey,
1601,49,17,-425,-1,grey,
1602,0,49,-426,-1,grey,
1603,49,17,-426,-1,grey,
1604,0,49,-427,-1,grey,
1605,49,17,-427,-1,grey,
1606,0,49,-428,-1,grey,
1607,49,17,-428,-1,grey,
1608,0,49,-429,-1,grey,
1609,49,17,-429,-1,grey,
1610,0,49,-430,-1,grey,
1611,39,15,-430,-1,,1.0
1612,59,1,-430,-1,,1.0
1613,6,7,-430,-1,,1.0
1614,39,4,-430,-1,,1.0
1615,11,19,-430,-1,,1.0
1616,36,3,-430,-1,,1.0
1617,51,15,-430,-1,,1.0
1618,0,66,-431,-1,,1.0
1619,0,1,-432,-1,,1.0
1620,56,1,-432,-1,,1.0
1621,47,1,-432,-1,grey,
1622,39,26,-432,-1,,1.0
1623,16,1,-432,-1,,1.0
1624,35,2,-432,-1,grey,
1625,57,4,-432,-1,,1.0
1626,43,9,-432,-1,,1.0
1627,52,14,-432,-1,,1.0
1628,0,4,-433,-1,,1.0
1629,40,3,-433,-1,,1.0
1630,19,5,-433,-1,,1.0
1631,10,29,-433,-1,,1.0
1632,61,1,-433,-1,,1.0
1633,19,2,-433,-1,grey,
1634,46,7,-433,-1,,1.0
1635,51,1,-433,-1,,1.0
1636,52,14,-433,-1,,1.0
1637,0,23,-434,-1,,1.0
1638,27,4,-434,-1,,1.0
1639,47,19,-434,-1,,1.0
1640,0,27,-435,-1,,1.0
1641,3,1,-435,-1,,1.0
1642,48,3,-435,-1,,1.0
1643,35,31,-435,-1,,1.0
1644,0,26,-436,-1,,1.0
1645,9,2,-436,-1,,1.0
1646,47,3,-436,-1,,1.0
1647,26,23,-436,-1,,1.0
1648,61,3,-436,-1,,1.0
1649,28,1,-436,-1,,1.0
1650,61,5,-436,-1,,1.0
1651,0,7,-437,-1,,1.0
1652,63,1,-437,-1,,1.0
1653,56,3,-437,-1,,1.0
1654,57,1,-437,-1,,1.0
1655,58,8,-437,-1,,1.0
1656,0,7,-438,-1,,1.0
1657,37,1,-438,-1,,1.0
1658,4,1,-438,-1,,1.0
1659,39,27,-438,-1,,1.0
1660,0,16,-439,-1,,1.0
1661,43,6,-439,-1,,1.0
1662,49,10,-439,-1,,1.0
1663,13,53,-439,-1,,1.0
1664,0,14,-440,-1,,1.0
1665,14,52,-440,-1,grey,
1666,0,14,-441,-1,grey,
1667,17,1,-441,-1,,1.0
1668,26,40,-441,-1,,1.0
1669,0,3,-442,-1,,1.0
1670,31,4,-442,-1,,1.0
1671,20,1,-442,-1,grey,
1672,7,3,-442,-1,,1.0
1673,54,2,-442,-1,,1.0
1674,38,12,-442,-1,,1.0
1675,53,1,-442,-1,,1.0
1676,62,4,-442,-1,,1.0
1677,0,27,-443,-1,,1.0
1678,31,3,-443,-1,,1.0
1679,44,1,-443,-1,,1.0
1680,57,9,-443,-1,,1.0
1681,0,34,-444,-1,,1.0
1682,51,15,-444,-1,,1.0
1683,0,66,-445,-1,,1.0
1684,0,11,-446,-1,,1.0
1685,54,12,-446,-1,,1.0
1686,0,66,-447,-1,,1.0
1687,0,66,-448,-1,,1.0
1688,0,66,-449,-1,,1.0
1689,0,66,-450,-1,,1.0
1690,0,66,-451,-1,,1.0
1691,0,66,-452,-1,,1.0
1692,0,66,-453,-1,,1.0
1693,0,66,-454,-1,,1.0
1694,0,66,-455,-1,,1.0
1695,0,66,-456,-1,,1.0
1696,0,66,-457,-1,,1.0
1697,0,66,-458,-1,,1.0
1698,0,66,-459,-1,,1.0
1699,0,66,-460,-1,,1.0
1700,0,66,-461,-1,,1.0
1701,0,66,-462,-1,,1.0
1702,0,66,-463,-1,,1.0
1703,0,66,-464,-1,,1.0
1704,0,66,-465,-1,,1.0
1705,0,66,-466,-1,,1.0
1706,0,66,-467,-1,,1.0
1707,0,66,-468,-1,,1.0
1708,0,66,-469,-1,,1.0
1709,0,66,-470,-1,,1.0
1710,0,66,-471,-1,,1.0
1711,0,66,-472,-1,,1.0
1712,0,66,-473,-1,,1.0
1713,0,66,-474,-1,,1.0
1714,0,66,-475,-1,,1.0
1715,0,66,-476,-1,,1.0
1716,0,66,-477,-1,,1.0
1717,0,66,-478,-1,,1.0
1718,0,66,-479,-1,,1.0
1719,0,66,-480,-1,,1.0
1720,0,60,-481,-1,,1.0
1721,60,6,-481,-1,grey,
1722,0,60,-482,-1,grey,
1723,60,6,-482,-1,grey,
1724,0,60,-483,-1,grey,
1725,60,6,-483,-1,grey,
1726,0,60,-484,-1,grey,
1727,60,6,-484,-1,grey,
1728,0,60,-485,-1,grey,
1729,60,6,-485,-1,grey,
1730,0,60,-486,-1,grey,
1731,60,6,-486,-1,grey,
1732,0,60,-487,-1,grey,
1733,60,6,-487,-1,grey,
1734,0,60,-488,-1,grey,
1735,60,6,-488,-1,grey,
1736,0,60,-489,-1,grey,
1737,60,6,-489,-1,grey,
1738,0,60,-490,-1,grey,
1739,60,6,-490,-1,grey,
1740,0,60,-491,-1,grey,
1741,60,6,-491,-1,grey,
1742,0,60,-492,-1,grey,
1743,60,6,-492,-1,grey,
1744,0,60,-493,-1,grey,
1745,60,6,-493,-1,grey,
1746,0,60,-494,-1,grey,
1747,60,6,-494,-1,grey,
1748,0,60,-495,-1,grey,
1749,60,6,-495,-1,grey,
1750,0,60,-496,-1,grey,
1751,60,6,-496,-1,grey,
1752,0,60,-497,-1,grey,
1753,60,6,-497,-1,grey,
1754,0,60,-498,-1,grey,
1755,60,6,-498,-1,grey,
1756,0,60,-499,-1,grey,
1757,60,6,-499,-1,grey,
1758,0,60,-500,-1,grey,
1759,60,6,-500,-1,grey,
1760,0,60,-501,-1,grey,
1761,60,6,-501,-1,grey,
1762,0,60,-502,-1,grey,
1763,60,6,-502,-1,grey,
1764,0,60,-503,-1,grey,
1765,60,6,-503,-1,grey,
1766,0,60,-504,-1,grey,
1767,60,6,-504,-1,grey,
1768,0,60,-505,-1,grey,
1769,60,6,-505,-1,grey,
1770,0,60,-506,-1,grey,
1771,60,6,-506,-1,grey,
1772,0,60,-507,-1,grey,
1773,60,6,-507,-1,grey,
1774,0,60,-508,-1,grey,
1775,60,6,-508,-1,grey,
1776,0,60,-509,-1,grey,
1777,60,6,-509,-1,grey,
1778,0,60,-510,-1,grey,
1779,60,6,-510,-1,grey,
1780,0,60,-511,-1,grey,
1781,60,6,-511,-1,grey,
1782,0,60,-512,-1,grey,
1783,60,6,-512,-1,grey,
1784,0,60,-513,-1,grey,
1785,60,6,-513,-1,grey,
1786,0,60,-514,-1,grey,
1787,60,6,-514,-1,grey,
1788,0,60,-515,-1,grey,
1789,43,1,-515,-1,,1.0
1790,12,4,-515,-1,,1.0
1791,58,1,-515,-1,,1.0
1792,37,21,-515,-1,,1.0
1793,3,9,-515,-1,,1.0
1794,52,5,-515,-1,,1.0
1795,16,5,-515,-1,grey,
1796,51,2,-515,-1,,1.0
1797,51,1,-515,-1,,1.0
1798,52,1,-515,-1,,1.0
1799,55,2,-515,-1,,1.0
1800,63,3,-515,-1,,1.0
1801,0,10,-516,-1,,1.0
1802,42,3,-516,-1,,1.0
1803,17,9,-516,-1,,1.0
1804,16,4,-516,-1,,1.0
1805,26,25,-516,-1,,1.0
1806,47,1,-516,-1,,1.0
1807,46,4,-516,-1,,1.0
1808,56,1,-516,-1,,1.0
1809,65,1,-516,-1,,1.0
1810,0,3,-517,-1,,1.0
1811,44,2,-517,-1,grey,
1812,23,2,-517,-1,,1.0
1813,49,1,-517,-1,,1.0
1814,30,5,-517,-1,grey,
1815,20,6,-517,-1,,1.0
1816,8,33,-517,-1,,1.0
1817,65,1,-517,-1,,1.0
1818,0,1,-518,-1,,1.0
1819,27,1,-518,-1,grey,
1820,55,5,-518,-1,,1.0
1821,58,1,-518,-1,,1.0
1822,59,7,-518,-1,,1.0
1823,0,2,-519,-1,,1.0
1824,20,2,-519,-1,,1.0
1825,44,1,-519,-1,,1.0
1826,3,4,-519,-1,,1.0
1827,39,1,-519,-1,,1.0
1828,8,12,-519,-1,,1.0
1829,12,6,-519,-1,,1.0
1830,29,6,-519,-1,,1.0
1831,3,3,-519,-1,,1.0
1832,46,9,-519,-1,,1.0
1833,47,6,-519,-1,,1.0
1834,22,6,-519,-1,grey,
1835,3,2,-519,-1,,1.0
1836,25,41,-519,-1,,1.0
1837,0,23,-520,-1,,1.0
1838,65,1,-520,-1,,1.0
1839,0,3,-521,-1,,1.0
1840,29,4,-521,-1,,1.0
1841,1,10,-521,-1,,1.0
1842,65,1,-521,-1,,1.0
1843,56,10,-522,-1,,1.0
1844,0,66,-523,-1,,1.0
1845,0,11,-524,-1,,1.0
1846,11,55,-524,-1,grey,
1847,0,11,-525,-1,grey,
1848,27,1,-525,-1,,1.0
1849,62,4,-525,-1,,1.0
1850,0,66,-526,-1,,1.0
1851,0,66,-527,-1,,1.0
1852,0,1,-528,-1,,1.0
1853,1,65,-528,-1,grey,
1854,0,1,-529,-1,grey,
1855,23,1,-529,-1,,1.0
1856,4,9,-529,-1,,1.0
1857,11,1,-529,-1,,1.0
1858,12,23,-529,-1,,1.0
1859,15,51,-529,-1,,1.0
1860,0,66,-530,-1,,1.0
1861,0,66,-531,-1,,1.0
1862,0,66,-532,-1,,1.0
1863,0,66,-533,-1,,1.0
1864,0,66,-534,-1,,1.0
1865,0,66,-535,-1,,1.0
1866,0,66,-536,-1,,1.0
1867,0,66,-537,-1,,1.0
1868,0,66,-538,-1,,1.0
1869,0,66,-539,-1,,1.0
1870,0,66,-540,-1,,1.0
1871,0,66,-541,-1,,1.0
1872,0,66,-542,-1,,1.0
1873,0,33,-543,-1,,1.0
1874,33,33,-543,-1,grey,
1875,0,33,-544,-1,grey,
1876,33,33,-544,-1,grey,
1877,0,33,-545,-1,grey,
1878,33,33,-545,-1,grey,
1879,0,33,-546,-1,grey,
1880,33,33,-546,-1,grey,
1881,0,33,-547,-1,grey,
1882,33,33,-547,-1,grey,
1883,0,33,-548,-1,grey,
1884,33,33,-548,-1,grey,
1885,0,33,-549,-1,grey,
1886,33,33,-549,-1,grey,
1887,0,33,-550,-1,grey,
1888,33,33,-550,-1,grey,
1889,0,33,-551,-1,grey,
1890,33,33,-551,-1,grey,
1891,0,33,-552,-1,grey,
1892,33,33,-552,-1,grey,
1893,0,33,-553,-1,grey,
1894,33,33,-553,-1,grey,
1895,0,33,-554,-1,grey,
1896,33,33,-554,-1,grey,
1897,0,33,-555,-1,grey,
1898,33,33,-555,-1,grey,
1899,0,33,-556,-1,grey,
1900,33,33,-556,-1,grey,
1901,0,33,-557,-1,grey,
1902,41,3,-557,-1,,1.0
1903,0,1,-557,-1,,2.0
1904,25,1,-557,-1,,1.0
1905,39,1,-557,-1,grey,
1906,54,1,-557,-1,,3.0
1907,19,2,-557,-1,,2.0
1908,55,10,-557,-1,,2.0
1909,53,3,-557,-1,,2.0
1910,50,1,-557,-1,,2.0
1911,47,1,-557,-1,,2.0
1912,46,6,-557,-1,,1.0
1913,62,2,-557,-1,,1.0
1914,12,4,-557,-1,,2.0
1915,38,24,-557,-1,,3.0
1916,64,1,-557,-1,,3.0
1917,5,1,-557,-1,,3.0
1918,14,52,-557,-1,,3.0
1919,0,17,-558,-1,,3.0
1920,24,2,-558,-1,,2.0
1921,44,1,-558,-1,,2.0
1922,65,1,-558,-1,,2.0
1923,0,35,-559,-1,,2.0
1924,61,1,-559,-1,,2.0
1925,43,7,-559,-1,grey,
1926,38,3,-559,-1,,1.0
1927,23,4,-559,-1,,2.0
1928,17,6,-559,-1,,2.0
1929,24,10,-559,-1,,2.0
1930,56,10,-559,-1,,2.0
1931,0,66,-560,-1,,2.0
1932,0,66,-561,-1,,2.0
1933,0,55,-562,-1,,2.0
1934,55,11,-562,-1,grey,
1935,0,55,-563,-1,grey,
1936,55,11,-563,-1,grey,
1937,0,55,-564,-1,grey,
1938,65,1,-564,-1,,1.0
1939,0,3,-565,-1,,1.0
1940,31,35,-565,-1,,1.0
1941,0,66,-566,-1,,1.0
1942,0,66,-567,-1,,1.0
1943,0,66,-568,-1,,1.0
1944,0,42,-569,-1,,1.0
1945,42,24,-569,-1,grey,
1946,0,42,-570,-1,grey,
1947,42,24,-570,-1,grey,
1948,0,42,-571,-1,grey,
1949,42,24,-571,-1,grey,
1950,0,42,-572,-1,grey,
1951,1,6,-572,-1,,1.0
1952,3,13,-572,-1,,2.0
1953,38,2,-572,-1,,2.0
1954,20,4,-572,-1,grey,
1955,8,5,-572,-1,,2.0
1956,57,4,-572,-1,,2.0
1957,47,14,-572,-1,,2.0
1958,2,2,-572,-1,,2.0
1959,22,2,-572,-1,,1.0
1960,46,9,-572,-1,,2.0
1961,29,1,-572,-1,,2.0
1962,6,17,-572,-1,,2.0
1963,33,1,-572,-1,,2.0
1964,46,20,-572,-1,,2.0
1965,0,5,-573,-1,,2.0
1966,1,1,-573,-1,,2.0
1967,0,7,-573,-1,,1.0
1968,13,20,-573,-1,,1.0
1969,19,1,-573,-1,,1.0
1970,47,2,-573,-1,grey,
1971,12,16,-573,-1,,1.0
1972,52,14,-573,-1,,1.0
1973,0,66,-574,-1,,1.0
1974,0,66,-575,-1,,1.0
1975,0,66,-576,-1,,1.0
1976,0,18,-577,-1,,1.0
1977,18,48,-577,-1,grey,
1978,0,18,-578,-1,grey,
1979,18,48,-578,-1,grey,
1980,0,18,-579,-1,grey,
1981,18,48,-579,-1,grey,
1982,0,18,-580,-1,grey,
1983,29,4,-580,-1,,1.0
1984,63,3,-580,-1,,1.0
1985,0,66,-581,-1,,1.0
1986,0,66,-582,-1,,1.0
1987,0,66,-583,-1,,1.0
1988,0,66,-584,-1,,1.0
1989,0,66,-585,-1,,1.0
1990,0,66,-586,-1,,1.0
1991,0,42,-587,-1,,1.0
1992,42,24,-587,-1,grey,
1993,0,42,-588,-1,grey,
1994,42,24,-588,-1,grey,
1995,0,42,-589,-1,grey,
1996,42,24,-589,-1,grey,
1997,0,42,-590,-1,grey,
1998,42,24,-590,-1,grey,
1999,0,42,-591,-1,grey,
2000,42,24,-591,-1,grey,
2001,0,42,-592,-1,grey,
2002,36,6,-592,-1,,1.0
2003,42,12,-592,-1,,1.0
2004,12,10,-592,-1,,1.0
2005,0,3,-592,-1,,2.0
2006,53,6,-592,-1,,2.0
2007,55,1,-592,-1,,1.0
2008,54,12,-592,-1,,1.0
2009,0,26,-593,-1,,1.0
2010,30,1,-593,-1,,1.0
2011,41,11,-593,-1,,1.0
2012,18,5,-593,-1,,2.0
2013,65,1,-593,-1,,2.0
2014,0,3,-594,-1,,2.0
2015,53,7,-594,-1,,1.0
2016,58,8,-594,-1,,2.0
2017,0,2,-595,-1,,2.0
2018,20,32,-595,-1,,2.0
2019,60,1,-595,-1,,1.0
2020,4,3,-595,-1,grey,
2021,19,6,-595,-1,,1.0
2022,61,1,-595,-1,,1.0
2023,34,1,-595,-1,,2.0
2024,9,5,-595,-1,,2.0
2025,64,2,-595,-1,,1.0
2026,0,2,-596,-1,,1.0
2027,31,7,-596,-1,grey,
2028,8,1,-596,-1,,1.0
2029,17,23,-596,-1,,1.0
2030,28,3,-596,-1,,1.0
2031,25,13,-596,-1,,2.0
2032,48,2,-596,-1,,3.0
2033,8,1,-596,-1,,3.0
2034,35,3,-596,-1,,2.0
2035,4,6,-596,-1,,3.0
2036,54,1,-596,-1,,3.0
2037,35,1,-596,-1,,3.0
2038,18,4,-596,-1,,2.0
2039,12,2,-596,-1,,1.0
2040,8,7,-596,-1,,2.0
2041,23,4,-596,-1,,2.0
2042,43,9,-596,-1,,1.0
2043,20,2,-596,-1,,1.0
2044,60,6,-596,-1,,1.0
2045,0,7,-597,-1,,1.0
2046,5,1,-597,-1,,1.0
2047,7,11,-597,-1,,1.0
2048,42,2,-597,-1,,1.0
2049,6,1,-597,-1,,2.0
2050,37,12,-597,-1,,2.0
2051,37,5,-597,-1,,1.0
2052,8,2,-597,-1,grey,
2053,44,20,-597,-1,,1.0
2054,40,2,-597,-1,,1.0
2055,22,6,-597,-1,,1.0
2056,20,2,-597,-1,,2.0
2057,18,10,-597,-1,,1.0
2058,36,8,-597,-1,,2.0
2059,10,6,-597,-1,,2.0
2060,60,3,-597,-1,,2.0
2061,47,19,-597,-1,,2.0
2062,0,22,-598,-1,,2.0
2063,22,4,-598,-1,,1.0
2064,34,6,-598,-1,,1.0
2065,60,2,-598,-1,,1.0
2066,20,8,-598,-1,,1.0
2067,2,6,-598,-1,,1.0
2068,60,3,-598,-1,,1.0
2069,55,11,-598,-1,,1.0
2070,0,66,-599,-1,,1.0
2071,0,66,-600,-1,,1.0
2072,0,66,-601,-1,,1.0
2073,0,66,-602,-1,,1.0
2074,0,66,-603,-1,,1.0
2075,0,66,-604,-1,,1.0
2076,0,66,-605,-1,,1.0
2077,0,66,-606,-1,,1.0
2078,0,66,-607,-1,,1.0
2079,0,66,-608,-1,,1.0
2080,0,66,-609,-1,,1.0
2081,0,66,-610,-1,,1.0
2082,0,66,-611,-1,,1.0
2083,0,66,-612,-1,,1.0
2084,0,66,-613,-1,,1.0
2085,0,66,-614,-1,,1.0
2086,0,26,-615,-1,,1.0
2087,26,40,-615,-1,grey,
2088,0,26,-616,-1,grey,
2089,26,40,-616,-1,grey,
2090,0,26,-617,-1,grey,
2091,26,40,-617,-1,grey,
2092,0,26,-618,-1,grey,
2093,26,40,-618,-1,grey,
2094,0,26,-619,-1,grey,
2095,26,40,-619,-1,grey,
2096,0,26,-620,-1,grey,
2097,26,40,-620,-1,grey,
2098,0,26,-621,-1,grey,
2099,26,40,-621,-1,grey,
2100,0,26,-622,-1,grey,
2101,26,40,-622,-1,grey,
2102,0,26,-623,-1,grey,
2103,26,40,-623,-1,grey,
2104,0,26,-624,-1,grey,
2105,26,40,-624,-1,grey,
2106,0,26,-625,-1,grey,
2107,26,40,-625,-1,grey,
2108,0,26,-626,-1,grey,
2109,26,40,-626,-1,grey,
2110,0,26,-627,-1,grey,
2111,26,40,-627,-1,grey,
2112,0,26,-628,-1,grey,
2113,26,40,-628,-1,grey,
2114,0,26,-629,-1,grey,
2115,26,40,-629,-1,grey,
2116,0,26,-630,-1,grey,
2117,26,40,-630,-1,grey,
2118,0,26,-631,-1,grey,
2119,26,7,-631,-1,,2.0
2120,47,2,-631,-1,,2.0
2121,1,3,-631,-1,,1.0
2122,16,1,-631,-1,grey,
2123,30,3,-631,-1,,1.0
2124,65,1,-631,-1,,1.0
2125,34,17,-632,-1,,1.0
2126,53,3,-632,-1,,2.0
2127,64,1,-632,-1,,2.0
2128,9,4,-632,-1,,1.0
2129,31,3,-632,-1,,1.0
2130,58,5,-632,-1,,1.0
2131,47,3,-632,-1,grey,
2132,37,3,-632,-1,,1.0
2133,20,2,-632,-1,,1.0
2134,6,3,-632,-1,,1.0
2135,65,1,-632,-1,,1.0
2136,0,1,-633,-1,,1.0
2137,61,2,-633,-1,,1.0
2138,65,1,-633,-1,,1.0
2139,0,2,-634,-1,,1.0
2140,12,2,-634,-1,,1.0
2141,21,1,-634,-1,grey,
2142,30,1,-634,-1,,1.0
2143,49,8,-634,-1,,1.0
2144,25,4,-634,-1,,1.0
2145,5,1,-634,-1,,1.0
2146,50,4,-634,-1,,1.0
2147,40,1,-634,-1,,1.0
2148,29,3,-634,-1,,1.0
2149,26,17,-634,-1,,1.0
2150,5,2,-634,-1,,1.0
2151,56,1,-634,-1,grey,
2152,41,25,-634,-1,,1.0
2153,0,8,-635,-1,,1.0
2154,25,3,-635,-1,,2.0
2155,2,1,-635,-1,,2.0
2156,45,4,-635,-1,,1.0
2157,33,3,-635,-1,,2.0
2158,26,26,-635,-1,,2.0
2159,28,1,-635,-1,,1.0
2160,7,5,-635,-1,,2.0
2161,0,1,-635,-1,,2.0
2162,57,9,-635,-1,,2.0
2163,0,17,-636,-1,,2.0
2164,38,1,-636,-1,,2.0
2165,17,5,-636,-1,,2.0
2166,10,1,-636,-1,,2.0
2167,1,4,-636,-1,,2.0
2168,3,2,-636,-1,,2.0
2169,7,6,-636,-1,,2.0
2170,27,1,-636,-1,,2.0
2171,44,1,-636,-1,,2.0
2172,63,3,-636,-1,,2.0
2173,0,18,-637,-1,,2.0
2174,12,8,-637,-1,,1.0
2175,25,1,-637,-1,,1.0
2176,32,1,-637,-1,grey,
2177,40,14,-637,-1,,1.0
2178,30,1,-637,-1,,1.0
2179,9,19,-637,-1,,1.0
2180,44,2,-637,-1,,1.0
2181,0,7,-637,-1,,1.0
2182,41,1,-637,-1,,1.0
2183,27,4,-637,-1,grey,
2184,20,2,-637,-1,,1.0
2185,4,16,-637,-1,,2.0
2186,27,1,-637,-1,,2.0
2187,44,11,-637,-1,,2.0
2188,27,11,-637,-1,,2.0
2189,32,4,-637,-1,,1.0
2190,38,1,-637,-1,,1.0
2191,43,4,-637,-1,,2.0
2192,59,7,-637,-1,,1.0
2193,0,3,-638,-1,,1.0
2194,35,5,-638,-1,,2.0
2195,16,1,-638,-1,,2.0
2196,61,5,-638,-1,,2.0
2197,54,2,-639,-1,,1.0
2198,48,1,-639,-1,,2.0
2199,43,9,-639,-1,,2.0
2200,58,8,-639,-1,,2.0
2201,0,3,-640,-1,,2.0
2202,37,1,-640,-1,,1.0
2203,8,11,-640,-1,,2.0
2204,11,1,-640,-1,,2.0
2205,6,8,-640,-1,,2.0
2206,24,2,-640,-1,,2.0
2207,40,3,-640,-1,,1.0
2208,63,1,-640,-1,,2.0
2209,20,20,-640,-1,,2.0
2210,36,1,-640,-1,,2.0
2211,35,5,-640,-1,,2.0
2212,44,2,-640,-1,,1.0
2213,58,8,-640,-1,,2.0
2214,0,2,-641,-1,,2.0
2215,34,2,-641,-1,,2.0
2216,6,1,-641,-1,,1.0
2217,26,1,-641,-1,grey,
2218,47,19,-641,-1,,1.0
2219,0,9,-642,-1,,1.0
2220,39,1,-642,-1,,2.0
2221,6,4,-642,-1,,1.0
2222,50,4,-642,-1,,2.0
2223,36,7,-642,-1,,2.0
2224,39,27,-642,-1,,1.0
2225,0,15,-643,-1,,1.0
2226,55,1,-643,-1,,1.0
2227,6,17,-643,-1,,2.0
2228,7,1,-643,-1,,2.0
2229,60,1,-643,-1,,1.0
2230,49,1,-643,-1,,1.0
2231,40,2,-643,-1,,1.0
2232,36,4,-643,-1,,2.0
2233,41,4,-643,-1,,2.0
2234,50,3,-643,-1,grey,
2235,61,4,-643,-1,,1.0
2236,23,27,-643,-1,,1.0
2237,62,3,-643,-1,,1.0
2238,17,16,-643,-1,,1.0
2239,40,8,-643,-1,,1.0
2240,12,7,-643,-1,,1.0
2241,63,3,-643,-1,,1.0
2242,0,43,-644,-1,,1.0
2243,45,1,-644,-1,,1.0
2244,52,3,-644,-1,,1.0
2245,1,65,-644,-1,,1.0
2246,0,66,-645,-1,,1.0
2247,0,66,-646,-1,,1.0
2248,0,66,-647,-1,,1.0
2249,0,66,-648,-1,,1.0
2250,0,66,-649,-1,,1.0
2251,0,66,-650,-1,,1.0
2252,0,66,-651,-1,,1.0
2253,0,66,-652,-1,,1.0
2254,0,66,-653,-1,,1.0
2255,0,66,-654,-1,,1.0
2256,0,51,-655,-1,,1.0
2257,51,15,-655,-1,grey,
2258,0,51,-656,-1,grey,
2259,51,15,-656,-1,grey,
2260,0,51,-657,-1,grey,
2261,51,15,-657,-1,grey,
2262,0,51,-658,-1,grey,
2263,51,15,-658,-1,grey,
2264,0,51,-659,-1,grey,
2265,51,15,-659,-1,grey,
2266,0,51,-660,-1,grey,
2267,51,15,-660,-1,grey,
2268,0,51,-661,-1,grey,
2269,51,15,-661,-1,grey,
2270,0,51,-662,-1,grey,
2271,51,15,-662,-1,grey,
2272,0,51,-663,-1,grey,
2273,51,15,-663,-1,grey,
2274,0,51,-664,-1,grey,
2275,51,15,-664,-1,grey,
2276,0,51,-665,-1,grey,
2277,41,25,-665,-1,,2.0
2278,0,2,-666,-1,,2.0
2279,19,13,-666,-1,,2.0
2280,26,7,-666,-1,,1.0
2281,4,2,-666,-1,grey,
2282,45,4,-666,-1,,1.0
2283,3,1,-666,-1,,1.0
2284,26,40,-666,-1,,1.0
2285,0,5,-667,-1,,1.0
2286,29,1,-667,-1,,1.0
2287,14,8,-667,-1,,1.0
2288,22,1,-667,-1,,1.0
2289,25,15,-667,-1,,1.0
2290,6,1,-667,-1,,1.0
2291,41,3,-667,-1,,1.0
2292,18,1,-667,-1,,1.0
2293,61,5,-667,-1,,1.0
2294,0,1,-668,-1,,1.0
2295,55,11,-668,-1,,1.0
2296,0,11,-669,-1,,1.0
2297,27,2,-669,-1,,2.0
2298,65,1,-669,-1,,1.0
2299,0,2,-670,-1,,1.0
2300,44,10,-670,-1,,2.0
2301,50,9,-670,-1,,2.0
2302,7,38,-670,-1,,1.0
2303,58,8,-670,-1,,1.0
2304,0,4,-671,-1,,1.0
2305,54,12,-671,-1,,2.0
2306,0,19,-672,-1,,2.0
2307,65,1,-672,-1,,2.0
2308,0,14,-673,-1,,2.0
2309,19,23,-673,-1,,1.0
2310,4,1,-673,-1,grey,
2311,34,32,-673,-1,,1.0
2312,0,66,-674,-1,,1.0
2313,0,9,-675,-1,,1.0
2314,9,57,-675,-1,grey,
2315,0,9,-676,-1,grey,
2316,13,3,-676,-1,,1.0
2317,30,5,-676,-1,,1.0
2318,59,7,-676,-1,,1.0
2319,0,56,-677,-1,,1.0
2320,65,1,-677,-1,,1.0
2321,0,12,-678,-1,,1.0
2322,56,1,-678,-1,,1.0
2323,37,1,-678,-1,,1.0
2324,20,46,-678,-1,,1.0
2325,0,42,-679,-1,,1.0
2326,42,24,-679,-1,grey,
2327,0,42,-680,-1,grey,
2328,20,26,-680,-1,,1.0
2329,50,1,-680,-1,,1.0
2330,61,3,-680,-1,,1.0
2331,14,2,-680,-1,,1.0
2332,36,9,-680,-1,,1.0
2333,17,7,-680,-1,,1.0
2334,10,30,-680,-1,,1.0
2335,20,1,-680,-1,,1.0
2336,3,63,-680,-1,,1.0
2337,0,9,-681,-1,,1.0
2338,6,1,-681,-1,,1.0
2339,3,8,-681,-1,,1.0
2340,17,11,-681,-1,,1.0
2341,28,38,-681,-1,grey,
2342,0,28,-682,-1,grey,
2343,28,38,-682,-1,grey,
2344,0,28,-683,-1,grey,
2345,28,38,-683,-1,grey,
2346,0,28,-684,-1,grey,
2347,28,38,-684,-1,grey,
2348,0,28,-685,-1,grey,
2349,28,38,-685,-1,grey,
2350,0,28,-686,-1,grey,
2351,28,38,-686,-1,grey,
2352,0,28,-687,-1,grey,
2353,28,38,-687,-1,grey,
2354,0,28,-688,-1,grey,
2355,28,38,-688,-1,grey,
2356,0,28,-689,-1,grey,
2357,28,38,-689,-1,grey,
2358,0,28,-690,-1,grey,
2359,28,38,-690,-1,grey,
2360,0,28,-691,-1,grey,
2361,28,38,-691,-1,grey,
2362,0,28,-692,-1,grey,
2363,28,38,-692,-1,grey,
2364,0,28,-693,-1,grey,
2365,28,38,-693,-1,grey,
2366,0,28,-694,-1,grey,
2367,28,38,-694,-1,grey,
2368,0,28,-695,-1,grey,
2369,28,38,-695,-1,grey,
2370,0,28,-696,-1,grey,
2371,28,38,-696,-1,grey,
2372,0,28,-697,-1,grey,
2373,28,38,-697,-1,grey,
2374,0,28,-698,-1,grey,
2375,28,38,-698,-1,grey,
2376,0,28,-699,-1,grey,
2377,28,38,-699,-1,grey,
2378,0,28,-700,-1,grey,
2379,28,38,-700,-1,grey,
2380,0,28,-701,-1,grey,
2381,28,38,-701,-1,grey,
2382,0,28,-702,-1,grey,
2383,28,38,-702,-1,grey,
2384,0,28,-703,-1,grey,
2385,28,38,-703,-1,grey,
2386,0,28,-704,-1,grey,
2387,28,38,-704,-1,grey,
2388,0,28,-705,-1,grey,
2389,28,38,-705,-1,grey,
2390,0,28,-706,-1,grey,
2391,28,38,-706,-1,grey,
2392,0,28,-707,-1,grey,
2393,28,38,-707,-1,grey,
2394,0,28,-708,-1,grey,
2395,28,38,-708,-1,grey,
2396,0,28,-709,-1,grey,
2397,28,38,-709,-1,grey,
2398,0,28,-710,-1,grey,
2399,28,38,-710,-1,grey,
2400,0,28,-711,-1,grey,
2401,28,38,-711,-1,grey,
2402,0,28,-712,-1,grey,
2403,28,38,-712,-1,grey,
2404,0,28,-713,-1,grey,
2405,28,38,-713,-1,grey,
2406,0,28,-714,-1,grey,
2407,28,38,-714,-1,grey,
2408,0,28,-715,-1,grey,
2409,28,38,-715,-1,grey,
2410,0,28,-716,-1,grey,
2411,28,38,-716,-1,grey,
2412,0,28,-717,-1,grey,
2413,28,38,-717,-1,grey,
2414,0,28,-718,-1,grey,
2415,28,38,-718,-1,grey,
2416,0,28,-719,-1,grey,
2417,28,38,-719,-1,grey,
2418,0,28,-720,-1,grey,
2419,28,38,-720,-1,grey,
2420,0,28,-721,-1,grey,
2421,28,38,-721,-1,grey,
2422,0,28,-722,-1,grey,
2423,28,38,-722,-1,grey,
2424,0,28,-723,-1,grey,
2425,28,38,-723,-1,grey,
2426,0,28,-724,-1,grey,
2427,28,38,-724,-1,grey,
2428,0,28,-725,-1,grey,
2429,28,38,-725,-1,grey,
2430,0,28,-726,-1,grey,
2431,28,38,-726,-1,grey,
2432,0,28,-727,-1,grey,
2433,28,38,-727,-1,grey,
2434,0,28,-728,-1,grey,
2435,28,38,-728,-1,grey,
2436,0,28,-729,-1,grey,
2437,28,38,-729,-1,grey,
2438,0,28,-730,-1,grey,
2439,28,38,-730,-1,grey,
2440,0,28,-731,-1,grey,
2441,28,38,-731,-1,grey,
2442,0,28,-732,-1,grey,
2443,28,38,-732,-1,grey,
2444,0,28,-733,-1,grey,
2445,28,38,-733,-1,grey,
2446,0,28,-734,-1,grey,
2447,28,38,-734,-1,grey,
2448,0,28,-735,-1,grey,
2449,28,38,-735,-1,grey,
2450,0,28,-736,-1,grey,
2451,28,38,-736,-1,grey,
2452,0,28,-737,-1,grey,
2453,28,38,-737,-1,grey,
2454,0,28,-738,-1,grey,
2455,28,38,-738,-1,grey,
2456,0,28,-739,-1,grey,
2457,28,38,-739,-1,grey,
2458,0,28,-740,-1,grey,
2459,28,38,-740,-1,grey,
2460,0,28,-741,-1,grey,
2461,28,38,-741,-1,grey,
2462,0,28,-742,-1,grey,
2463,28,38,-742,-1,grey,
2464,0,28,-743,-1,grey,
2465,28,38,-743,-1,grey,
2466,0,28,-744,-1,grey,
2467,28,38,-744,-1,grey,
2468,0,28,-745,-1,grey,
2469,28,38,-745,-1,grey,
2470,0,28,-746,-1,grey,
2471,28,38,-746,-1,grey,
2472,0,28,-747,-1,grey,
2473,28,38,-747,-1,grey,
2474,0,28,-748,-1,grey,
2475,28,38,-748,-1,grey,
2476,0,28,-749,-1,grey,
2477,28,38,-749,-1,grey,
2478,0,28,-750,-1,grey,
2479,28,38,-750,-1,grey,
2480,0,28,-751,-1,grey,
2481,28,38,-751,-1,grey,
2482,0,28,-752,-1,grey,
2483,28,38,-752,-1,grey,
2484,0,28,-753,-1,grey,
2485,28,38,-753,-1,grey,
2486,0,28,-754,-1,grey,
